-- phpMyAdmin SQL Dump
-- version 4.7.4
-- https://www.phpmyadmin.net/
--
-- Host: 127.0.0.1
-- Generation Time: Apr 12, 2018 at 12:17 PM
-- Server version: 10.1.29-MariaDB
-- PHP Version: 7.1.12

SET SQL_MODE = "NO_AUTO_VALUE_ON_ZERO";
SET AUTOCOMMIT = 0;
START TRANSACTION;
SET time_zone = "+00:00";


/*!40101 SET @OLD_CHARACTER_SET_CLIENT=@@CHARACTER_SET_CLIENT */;
/*!40101 SET @OLD_CHARACTER_SET_RESULTS=@@CHARACTER_SET_RESULTS */;
/*!40101 SET @OLD_COLLATION_CONNECTION=@@COLLATION_CONNECTION */;
/*!40101 SET NAMES utf8mb4 */;

--
-- Database: `alexgate`
--

-- --------------------------------------------------------

--
-- Table structure for table `buildings`
--

CREATE TABLE `buildings` (
  `id` int(10) UNSIGNED NOT NULL,
  `building_name` varchar(255) COLLATE utf8mb4_unicode_ci DEFAULT NULL,
  `building_location` varchar(255) COLLATE utf8mb4_unicode_ci DEFAULT NULL,
  `building_location_id` int(11) NOT NULL,
  `building_price` varchar(255) COLLATE utf8mb4_unicode_ci DEFAULT NULL,
  `building_rent` tinyint(4) DEFAULT NULL,
  `building_area` varchar(255) COLLATE utf8mb4_unicode_ci DEFAULT NULL,
  `building_type` tinyint(4) DEFAULT NULL,
  `building_small_description` varchar(255) COLLATE utf8mb4_unicode_ci DEFAULT NULL,
  `building_meta` varchar(255) COLLATE utf8mb4_unicode_ci DEFAULT NULL,
  `building_large_description` longtext COLLATE utf8mb4_unicode_ci,
  `created_at` timestamp NULL DEFAULT NULL,
  `updated_at` timestamp NULL DEFAULT NULL,
  `user_id` int(11) DEFAULT NULL,
  `rooms` int(11) DEFAULT NULL,
  `baths` int(10) DEFAULT NULL,
  `project_id` varchar(255) COLLATE utf8mb4_unicode_ci DEFAULT NULL,
  `status` tinyint(4) DEFAULT '0',
  `image` varchar(1025) COLLATE utf8mb4_unicode_ci DEFAULT NULL,
  `month` varchar(255) COLLATE utf8mb4_unicode_ci DEFAULT NULL,
  `year` varchar(255) COLLATE utf8mb4_unicode_ci DEFAULT NULL,
  `nameurl` varchar(50) COLLATE utf8mb4_unicode_ci NOT NULL
) ENGINE=InnoDB DEFAULT CHARSET=utf8mb4 COLLATE=utf8mb4_unicode_ci;

--
-- Dumping data for table `buildings`
--

INSERT INTO `buildings` (`id`, `building_name`, `building_location`, `building_location_id`, `building_price`, `building_rent`, `building_area`, `building_type`, `building_small_description`, `building_meta`, `building_large_description`, `created_at`, `updated_at`, `user_id`, `rooms`, `baths`, `project_id`, `status`, `image`, `month`, `year`, `nameurl`) VALUES
(2, 'فيلات 350م', '6 أكتوبر', 1, 'المتر يبدأ من 3500', 0, '350م', 1, '<br>', NULL, '<div style=\"text-align: right;\">إستمتع بحياتك في حي الشماليات 2000 بأكتوبر .</div><div style=\"text-align: right;\"><br></div><div style=\"text-align: right;\">يمكنك الآن أن تنعم بالرفاهية بإقامتك في مشروع الشماليات 2000 بمدينة 6 أكتوبر بعد مول العرب بـ 5 دقائق وبالقرب من مول مصر.</div><div style=\"text-align: right;\"><br></div><div style=\"text-align: right;\">مدخل الكومبوند عند نادي الصيد ومحاط بأكثر من كومبوند مثل ماونتن فيو وجرين هايتس وبورتو أكتوبر وجاردن هيلز.</div><div style=\"text-align: right;\"><br></div><div style=\"text-align: right;\">الكومبوند به جميع الخدمات والمرافق \"مدارس - المستشفيات - منطقة تجارية - مسارح - سينما -مساجد \"</div><div style=\"text-align: right;\"><br></div><div style=\"text-align: right;\">&nbsp;واجهة العقارات تم تشطيبها سوبر لوكس بالحجر الطبيعي بالإضافة إلى مداخل رخامية فاخرة.</div><div style=\"text-align: right;\"><br></div><div style=\"text-align: right;\">سعر المتر يبدأ من 3500 ج، وتوجد شقق دوبلكس بمساحات 290م و 350م وسعر المتر يبدأ من 2750ج.</div><div style=\"text-align: right;\"><br></div><div style=\"text-align: right;\">جميع الوحدات نصف تشطيب، بعضها سيتم تسليمه هذا العام ووحدات اخرى في 2018</div><div style=\"text-align: right;\"><br></div><div style=\"text-align: right;\">إنتهز الفرصة الآن فالعدد محدود للغاية !!</div><div style=\"text-align: right;\"><br></div>', '2017-12-10 15:36:43', '2018-04-02 05:20:48', 4, 3, 2, '3', 1, '', '12', '2017', 'فيلا-الشماليات-2000-اكتوبر'),
(4, 'شقق دوبلكس 290م', '6 أكتوبر', 1, '797,500', 0, '290م', 0, '<br>', NULL, '<div>إستمتع بحياتك في حي الشماليات 2000 بأكتوبر .</div><div><br></div><div>يمكنك الآن أن تنعم بالرفاهية بإقامتك في مشروع الشماليات 2000 بمدينة 6 أكتوبر بعد مول العرب بـ 5 دقائق وبالقرب من مول مصر.</div><div><br></div><div>مدخل الكومبوند عند نادي الصيد ومحاط بأكثر من كومبوند مثل ماونتن فيو وجرين هايتس وبورتو أكتوبر وجاردن هيلز.</div><div><br></div><div>الكومبوند به جميع الخدمات والمرافق \"مدارس - المستشفيات - منطقة تجارية - مسارح - سينما -مساجد \"</div><div><br></div><div>&nbsp;واجهة العقارات تم تشطيبها سوبر لوكس بالحجر الطبيعي بالإضافة إلى مداخل رخامية فاخرة.</div><div><br></div><div>سعر المتر يبدأ من 3500 ج، وتوجد شقق دوبلكس بمساحات 290م و 350م وسعر المتر يبدأ من 2750ج.</div><div><br></div><div>جميع الوحدات نصف تشطيب، بعضها سيتم تسليمه هذا العام ووحدات اخرى في 2018</div><div><br></div><div>إنتهز الفرصة الآن فالعدد محدود للغاية !!</div><div><br></div>', '2017-12-10 16:37:05', '2018-04-02 05:20:48', 4, 3, 3, '3', 1, '', '12', '2017', 'شقق-دوبلكس-290-الشماليات-200-اكتوبر'),
(5, 'شقق دوبلكس 350م', '6 أكتوبر', 1, '962500', 0, '350م', 0, '<br>', NULL, '<div style=\"text-align: right;\">إستمتع بحياتك في حي الشماليات 2000 بأكتوبر .</div><div style=\"text-align: right;\"><br></div><div style=\"text-align: right;\">يمكنك الآن أن تنعم بالرفاهية بإقامتك في مشروع الشماليات 2000 بمدينة 6 أكتوبر بعد مول العرب بـ 5 دقائق وبالقرب من مول مصر.</div><div style=\"text-align: right;\"><br></div><div style=\"text-align: right;\">مدخل الكومبوند عند نادي الصيد ومحاط بأكثر من كومبوند مثل ماونتن فيو وجرين هايتس وبورتو أكتوبر وجاردن هيلز.</div><div style=\"text-align: right;\"><br></div><div style=\"text-align: right;\">الكومبوند به جميع الخدمات والمرافق \"مدارس - المستشفيات - منطقة تجارية - مسارح - سينما -مساجد \"</div><div style=\"text-align: right;\"><br></div><div style=\"text-align: right;\">&nbsp;واجهة العقارات تم تشطيبها سوبر لوكس بالحجر الطبيعي بالإضافة إلى مداخل رخامية فاخرة.</div><div style=\"text-align: right;\"><br></div><div style=\"text-align: right;\">سعر المتر يبدأ من 3500 ج، وتوجد شقق دوبلكس بمساحات 290م و 350م وسعر المتر يبدأ من 2750ج.</div><div style=\"text-align: right;\"><br></div><div style=\"text-align: right;\">جميع الوحدات نصف تشطيب، بعضها سيتم تسليمه هذا العام ووحدات اخرى في 2018</div><div style=\"text-align: right;\"><br></div><div style=\"text-align: right;\">إنتهز الفرصة الآن فالعدد محدود للغاية !!</div><div><br></div>', '2017-12-10 16:40:36', '2018-04-02 05:20:48', 4, 3, 3, '3', 1, '5.jpg', '12', '2017', 'شقق-دوبلكس-350-الشماليات-200-اكتوبر'),
(16, 'فيلا دوبلكس - 180م', 'حدائق أكتوبر', 9, '685800', 0, '180م', 1, '<div><br></div><div><br></div>', NULL, '<div><div>فيلا دوبلكس - 180م - Villa tybe B - وحدة امامية على شارع عرضة 80 م .&nbsp;</div></div><div><ul><li>سعر المتر 3810 - سعر الوحدة 685800 للتقسيط على 3 سنوات</li><li>سعر المتر 5430 - سعر الوحدة 977400 للتقسيط على 6 سنوات</li></ul></div><div>فيلا دوبلكس 180م - Villa tybe D - وحدة امامية بروؤية مفتوحة&nbsp;</div><div><ul><li>سعر المتر 3780 - سعر الوحدة 680400 للتقسيط على 3 سنوات</li><li>سعر المتر 5390 - سعر الوحدة 970200 للتقسيط على 6 سنوات</li></ul><div><br></div></div><div>كمباوند كييف يتمتع بموقع فريد من افضل مواقع مدينة 6 اكتوبر بمنطقة حدائق أكتوبر بجوار جامعة زويل ومدينة الانتاج الاعلامى وبالقرب من مول مصر ودريم بارك وعلى بعد 10 دقايق من ميدان الرماية</div><div><br></div><div>كمباوند كييف موجود بجوار أكبر منطقة خدمات بحى حدائق أكتوبر حيث كافة الاحتياجات من خدمات تجارية وادارية وطبية ومساحات خضراء&nbsp;</div><div><br></div><div>كومبوند كييف&nbsp; يلاريلاوفرلك كل ما تحتاجة من الخصوصية والرفاهية والامان&nbsp;</div><div><br></div><div>كومباوند كييف محاط بسور خارجى وكاميرات وكاميرات مراقبة لتوفير أقصى درجات الخصوصية والامان ليك ولأسرتك.</div><div><br></div><div>كومباوند كييف بيوفرلك مساحات ونماذج مختلفة من شقق وفيلات وبنت هاوس لملائمة كافة احتياجات العملاء&nbsp;</div><div>&nbsp;</div><div>مول تجاري - مطاعم وكافيهات - مساحات خضراء - مدارس - مستشفيات.</div>', '2017-12-25 21:42:05', '2018-04-02 05:20:48', 4, 3, 2, '4', 1, '07.jpg|08.jpg', '12', '2017', 'فيلا-دوبلكس-180م'),
(18, 'شقة 90م', 'حدائق اكتوبر', 10, '342900', 0, '90م', 0, '<br>', NULL, '<div>شقة - 90م -&nbsp; 3 غرف - وحدة امامية على شارع عرضة 80 م .&nbsp;</div><div><ul><li>سعر المتر 3810 - سعر الوحدة 342900 للتقسيط على 3 سنوات</li><li>سعر المتر 5430 - سعر الوحدة 488700 للتقسيط على 6 سنوات</li></ul></div><div><div>شقة - 90م -&nbsp; 3 غرف - وحدة امامية برؤية مفتوحة.&nbsp;</div><div><ul><li>سعر المتر 3780 - سعر الوحدة 340200 للتقسيط على 3 سنوات</li><li>سعر المتر 5390 - سعر الوحدة 485100 للتقسيط على 6 سنوات</li></ul></div><div><ul></ul></div></div><div>كمباوند كييف يتمتع بموقع فريد من افضل مواقع مدينة 6 اكتوبر بمنطقة حدائق أكتوبر بجوار جامعة زويل ومدينة الانتاج الاعلامى وبالقرب من مول مصر ودريم بارك وعلى بعد 10 دقايق من ميدان الرماية</div><div><br></div><div>كمباوند كييف موجود بجوار أكبر منطقة خدمات بحى حدائق أكتوبر حيث كافة الاحتياجات من خدمات تجارية وادارية وطبية ومساحات خضراء&nbsp;</div><div><br></div><div>كومبوند كييف&nbsp; بيوفرلك كل ما تحتاجة من الخصوصية والرفاهية والامان&nbsp;</div><div><br></div><div>كومباوند كييف محاط بسور خارجى وكاميرات وكاميرات مراقبة لتوفير أقصى درجات الخصوصية والامان ليك ولأسرتك.</div><div><br></div><div>كومباوند كييف بيوفرلك مساحات ونماذج مختلفة من شقق وفيلات وبنت هاوس لملائمة كافة احتياجات العملاء&nbsp;</div><div>&nbsp;</div><div>مول تجاري - مطاعم وكافيهات - مساحات خضراء - مدارس - مستشفيات.</div>', '2017-12-25 21:52:16', '2018-04-02 05:20:48', 4, 3, 2, '4', 1, '02.jpg', '12', '2017', 'شقة-90م'),
(19, 'بنتهاوس - 125م', 'حدائق اكتوبر', 10, '476250', 0, '125م', 1, '<br>', NULL, '<div>بنتهاوس - 125م - وحدة امامية على شارع عرضة 80 م .&nbsp;</div><div><ul><li>سعر المتر 3810 - سعر الوحدة 476250 للتقسيط على 3 سنوات</li><li>سعر المتر 5430 - سعر الوحدة 678750 للتقسيط على 6 سنوات</li></ul></div><div><div>بنتهاوس - 125م -&nbsp;وحدة امامية برؤية مفتوحة.&nbsp;</div><div><ul><li>سعر المتر 3780 - سعر الوحدة 472500 للتقسيط على 3 سنوات</li><li>سعر المتر 5390 - سعر الوحدة 673750 للتقسيط على 6 سنوات</li></ul></div><div><ul></ul></div></div><div>كمباوند كييف يتمتع بموقع فريد من افضل مواقع مدينة 6 اكتوبر بمنطقة حدائق أكتوبر بجوار جامعة زويل ومدينة الانتاج الاعلامى وبالقرب من مول مصر ودريم بارك وعلى بعد 10 دقايق من ميدان الرماية</div><div><br></div><div>كمباوند كييف موجود بجوار أكبر منطقة خدمات بحى حدائق أكتوبر حيث كافة الاحتياجات من خدمات تجارية وادارية وطبية ومساحات خضراء&nbsp;</div><div><br></div><div>كومبوند كييف&nbsp; يلاريلاوفرلك كل ما تحتاجة من الخصوصية والرفاهية والامان&nbsp;</div><div><br></div><div>كومباوند كييف محاط بسور خارجى وكاميرات وكاميرات مراقبة لتوفير أقصى درجات الخصوصية والامان ليك ولأسرتك.</div><div><br></div><div>كومباوند كييف بيوفرلك مساحات ونماذج مختلفة من شقق وفيلات وبنت هاوس لملائمة كافة احتياجات العملاء&nbsp;</div><div>&nbsp;</div><div>مول تجاري - مطاعم وكافيهات - مساحات خضراء - مدارس - مستشفيات.</div>', '2017-12-25 22:29:32', '2018-04-02 05:20:48', 4, 3, 2, '4', 1, '01.jpg|04.jpg', '12', '2017', 'بنتهاوس-125م'),
(21, 'شقة النموذج الاول دور ارضى 148م', 'العاصمة الادارية الجديدة', 6, '1,170,000', 0, '148م', 0, '<br>', NULL, 'النموذج الاول - دور ارضى - 3 غرف نوم رئيسية&nbsp; - مساحة 148م<div><br></div><div><div>هو أحدث المشاريع السكنية في العاصمة الإدارية الجديدة والذي يقوم بإطلاقه إحدى أكبر الشركات المصرية الرائدة فى مجال التطوير العقارى وهى “مجموعة مصر إيطاليا” والتى قامت بتطوير مشاريع مختلفة بالقاهرة والساحل الشمالى والعين السخنة.</div><div><br></div><div>يتميز مشروع إل بوسكو IL Bosco بمساحتة الواسعة حيث يمتد المشروع على مساحة 200 فدان&nbsp; في قلب العاصمة الإدارية الجديدة؛ التى تقع على حدود مدينة بدر فى المنطقة المحصورة بين طريقى القاهرة/السويس والقاهرة/العين السخنة، شرق الطريق الدائرى الإقليمى مباشرةً بعد القاهرة الجديدة ومشروعى مدينتى ومدينة المستقبل فتبعد العاصمة الإدارية مسافة 60 كيلو متر فقط عن قلب القاهرة.</div><div><br></div><div>وأهم ما يميز موقع مشروع إل بوسكو IL Bosco هو قربه من كل المناطق الاستثنائية بالعاصمة الإدارية الجديدة.</div><div><br></div></div>', '2018-01-01 18:54:37', '2018-04-02 05:20:48', 4, 3, 2, '4', 1, '01.jpg', '01', '2018', 'شقة-نموذج1-ارضى-148م'),
(22, 'شقة النموذج الاول دور ارضى 149م', 'العاصمة الادارية الجديدة', 6, '1,170,000', 0, '149م', 0, '<br>', NULL, 'النموذج الاول - دور ارضى - 3 غرف نوم رئيسية&nbsp; - مساحة 149م<div><br><div><table class=\"MsoNormalTable\" border=\"1\" cellspacing=\"0\" cellpadding=\"0\" width=\"818\" style=\"margin-left: 18.75pt; border: none;\"><tbody></tbody></table></div><div><div>هو أحدث المشاريع السكنية في العاصمة الإدارية الجديدة والذي يقوم بإطلاقه إحدى أكبر الشركات المصرية الرائدة فى مجال التطوير العقارى وهى “مجموعة مصر إيطاليا” والتى قامت بتطوير مشاريع مختلفة بالقاهرة والساحل الشمالى والعين السخنة.</div><div><br></div><div>يتميز مشروع إل بوسكو IL Bosco بمساحتة الواسعة حيث يمتد المشروع على مساحة 200 فدان&nbsp; في قلب العاصمة الإدارية الجديدة؛ التى تقع على حدود مدينة بدر فى المنطقة المحصورة بين طريقى القاهرة/السويس والقاهرة/العين السخنة، شرق الطريق الدائرى الإقليمى مباشرةً بعد القاهرة الجديدة ومشروعى مدينتى ومدينة المستقبل فتبعد العاصمة الإدارية مسافة 60 كيلو متر فقط عن قلب القاهرة.</div><div><br></div><div>وأهم ما يميز موقع مشروع إل بوسكو IL Bosco هو قربه من كل المناطق الاستثنائية بالعاصمة الإدارية الجديدة.</div></div></div>', '2018-01-01 20:00:40', '2018-04-02 05:20:48', 4, 3, 2, '4', 1, '02.jpg', '01', '2018', 'شقة-نموذج1-ارضى-149م'),
(23, 'شقة النموذج الاول دور ارضى 144م', 'العاصمة الادارية الجديدة', 6, '1,170,000', 0, '144م', 0, '<br>', NULL, 'النموذج الاول - دور ارضى - 3 غرف نوم رئيسية&nbsp; - مساحة 144م<br><div><br></div><div><div>هو أحدث المشاريع السكنية في العاصمة الإدارية الجديدة والذي يقوم بإطلاقه إحدى أكبر الشركات المصرية الرائدة فى مجال التطوير العقارى وهى “مجموعة مصر إيطاليا” والتى قامت بتطوير مشاريع مختلفة بالقاهرة والساحل الشمالى والعين السخنة.</div><div><br></div><div>يتميز مشروع إل بوسكو IL Bosco بمساحتة الواسعة حيث يمتد المشروع على مساحة 200 فدان&nbsp; في قلب العاصمة الإدارية الجديدة؛ التى تقع على حدود مدينة بدر فى المنطقة المحصورة بين طريقى القاهرة/السويس والقاهرة/العين السخنة، شرق الطريق الدائرى الإقليمى مباشرةً بعد القاهرة الجديدة ومشروعى مدينتى ومدينة المستقبل فتبعد العاصمة الإدارية مسافة 60 كيلو متر فقط عن قلب القاهرة.</div><div><br></div><div>وأهم ما يميز موقع مشروع إل بوسكو IL Bosco هو قربه من كل المناطق الاستثنائية بالعاصمة الإدارية الجديدة.</div></div>', '2018-01-01 20:08:47', '2018-04-02 05:20:48', 4, 3, 2, '5', 1, '03.jpg', '01', '2018', 'شقة-نموذج1-ارضى-144م'),
(24, 'شقة النموذج الاول دور ارضى 129م', 'العاصمة الادارية الجديدة', 6, '1,170,000', 0, '129م', 0, '<br>', NULL, 'النموذج الاول - دور ارضى - 2 غرف نوم رئيسية&nbsp; - مساحة 129م<br><div><br></div><div>هو أحدث المشاريع السكنية في العاصمة الإدارية الجديدة والذي يقوم بإطلاقه إحدى أكبر الشركات المصرية الرائدة فى مجال التطوير العقارى وهى “مجموعة مصر إيطاليا” والتى قامت بتطوير مشاريع مختلفة بالقاهرة والساحل الشمالى والعين السخنة.<br></div><div><div><br></div><div>يتميز مشروع إل بوسكو IL Bosco بمساحتة الواسعة حيث يمتد المشروع على مساحة 200 فدان&nbsp; في قلب العاصمة الإدارية الجديدة؛ التى تقع على حدود مدينة بدر فى المنطقة المحصورة بين طريقى القاهرة/السويس والقاهرة/العين السخنة، شرق الطريق الدائرى الإقليمى مباشرةً بعد القاهرة الجديدة ومشروعى مدينتى ومدينة المستقبل فتبعد العاصمة الإدارية مسافة 60 كيلو متر فقط عن قلب القاهرة.</div><div><br></div><div>وأهم ما يميز موقع مشروع إل بوسكو IL Bosco هو قربه من كل المناطق الاستثنائية بالعاصمة الإدارية الجديدة.</div></div>', '2018-01-01 20:08:52', '2018-04-02 05:20:48', 4, 2, 2, '4', 1, '04.jpg', '01', '2018', 'شقة-نموذج1-ارضى-129م'),
(25, 'شقة النموذج الاول دور ارضى 122م', 'العاصمة الادارية الجديدة', 6, '1,170,000', 0, '122م', 0, '<br>', NULL, 'النموذج الاول - دور ارضى - 2 غرف نوم رئيسية&nbsp; - مساحة 122م<div><br><div><div>هو أحدث المشاريع السكنية في العاصمة الإدارية الجديدة والذي يقوم بإطلاقه إحدى أكبر الشركات المصرية الرائدة فى مجال التطوير العقارى وهى “مجموعة مصر إيطاليا” والتى قامت بتطوير مشاريع مختلفة بالقاهرة والساحل الشمالى والعين السخنة.</div><div><br></div><div>يتميز مشروع إل بوسكو IL Bosco بمساحتة الواسعة حيث يمتد المشروع على مساحة 200 فدان&nbsp; في قلب العاصمة الإدارية الجديدة؛ التى تقع على حدود مدينة بدر فى المنطقة المحصورة بين طريقى القاهرة/السويس والقاهرة/العين السخنة، شرق الطريق الدائرى الإقليمى مباشرةً بعد القاهرة الجديدة ومشروعى مدينتى ومدينة المستقبل فتبعد العاصمة الإدارية مسافة 60 كيلو متر فقط عن قلب القاهرة.</div><div><br></div><div>وأهم ما يميز موقع مشروع إل بوسكو IL Bosco هو قربه من كل المناطق الاستثنائية بالعاصمة الإدارية الجديدة.</div></div></div>', '2018-01-01 20:08:55', '2018-04-02 05:20:48', 4, 2, 2, '5', 1, '05.jpg', '01', '2018', 'شقة-نموذج1-ارضى-122م'),
(26, 'شقة النموذج الاول دور ارضى 126م', 'العاصمة الادارية الجديدة', 6, '1,170,000', 0, '126م', 0, '<br>', NULL, 'النموذج الاول - دور ارضى - 2 غرف نوم رئيسية&nbsp; - مساحة 126م<div><br><div><div>هو أحدث المشاريع السكنية في العاصمة الإدارية الجديدة والذي يقوم بإطلاقه إحدى أكبر الشركات المصرية الرائدة فى مجال التطوير العقارى وهى “مجموعة مصر إيطاليا” والتى قامت بتطوير مشاريع مختلفة بالقاهرة والساحل الشمالى والعين السخنة.</div><div><br></div><div>يتميز مشروع إل بوسكو IL Bosco بمساحتة الواسعة حيث يمتد المشروع على مساحة 200 فدان&nbsp; في قلب العاصمة الإدارية الجديدة؛ التى تقع على حدود مدينة بدر فى المنطقة المحصورة بين طريقى القاهرة/السويس والقاهرة/العين السخنة، شرق الطريق الدائرى الإقليمى مباشرةً بعد القاهرة الجديدة ومشروعى مدينتى ومدينة المستقبل فتبعد العاصمة الإدارية مسافة 60 كيلو متر فقط عن قلب القاهرة.</div><div><br></div><div>وأهم ما يميز موقع مشروع إل بوسكو IL Bosco هو قربه من كل المناطق الاستثنائية بالعاصمة الإدارية الجديدة.</div></div></div>', '2018-01-01 20:08:59', '2018-04-02 05:20:48', 4, 2, 2, '5', 1, '06.jpg', '01', '2018', 'شقة-نموذج1-ارضى-126م'),
(27, 'شقة النموذج الاول دور ارضى 131م', 'العاصمة الادارية الجديدة', 6, '1,170,000', 0, '131م', 0, '<div><br></div><div><br></div>', NULL, 'النموذج الاول - دور ارضى - 2 غرف نوم رئيسية&nbsp; - مساحة 131م<div><br><div><div>هو أحدث المشاريع السكنية في العاصمة الإدارية الجديدة والذي يقوم بإطلاقه إحدى أكبر الشركات المصرية الرائدة فى مجال التطوير العقارى وهى “مجموعة مصر إيطاليا” والتى قامت بتطوير مشاريع مختلفة بالقاهرة والساحل الشمالى والعين السخنة.</div><div><br></div><div>يتميز مشروع إل بوسكو IL Bosco بمساحتة الواسعة حيث يمتد المشروع على مساحة 200 فدان&nbsp; في قلب العاصمة الإدارية الجديدة؛ التى تقع على حدود مدينة بدر فى المنطقة المحصورة بين طريقى القاهرة/السويس والقاهرة/العين السخنة، شرق الطريق الدائرى الإقليمى مباشرةً بعد القاهرة الجديدة ومشروعى مدينتى ومدينة المستقبل فتبعد العاصمة الإدارية مسافة 60 كيلو متر فقط عن قلب القاهرة.</div><div><br></div><div>وأهم ما يميز موقع مشروع إل بوسكو IL Bosco هو قربه من كل المناطق الاستثنائية بالعاصمة الإدارية الجديدة.</div></div></div>', '2018-01-01 20:09:00', '2018-04-02 05:20:48', 4, 2, 2, '4', 1, '07.jpg', '01', '2018', 'شقة-نموذج1-ارضى-131م'),
(28, 'شقة النموذج الاول دور متكرر 182م', 'العاصمة الادارية الجديدة', 6, '1,170,000', 0, '182م', 0, '<br>', NULL, 'النموذج الاول - دور متكرر - 3 غرف نوم رئيسية&nbsp; - مساحة 182م<br><div><br></div><div><div>هو أحدث المشاريع السكنية في العاصمة الإدارية الجديدة والذي يقوم بإطلاقه إحدى أكبر الشركات المصرية الرائدة فى مجال التطوير العقارى وهى “مجموعة مصر إيطاليا” والتى قامت بتطوير مشاريع مختلفة بالقاهرة والساحل الشمالى والعين السخنة.</div><div><br></div><div>يتميز مشروع إل بوسكو IL Bosco بمساحتة الواسعة حيث يمتد المشروع على مساحة 200 فدان&nbsp; في قلب العاصمة الإدارية الجديدة؛ التى تقع على حدود مدينة بدر فى المنطقة المحصورة بين طريقى القاهرة/السويس والقاهرة/العين السخنة، شرق الطريق الدائرى الإقليمى مباشرةً بعد القاهرة الجديدة ومشروعى مدينتى ومدينة المستقبل فتبعد العاصمة الإدارية مسافة 60 كيلو متر فقط عن قلب القاهرة.</div><div><br></div><div>وأهم ما يميز موقع مشروع إل بوسكو IL Bosco هو قربه من كل المناطق الاستثنائية بالعاصمة الإدارية الجديدة.</div></div>', '2018-01-01 21:21:53', '2018-04-02 05:20:48', 4, 3, 2, '4', 1, '08.jpg', '01', '2018', 'شقة-نموذج1-متكرر-182م'),
(29, 'شقة النموذج الاول دور متكرر 147م', 'العاصمة الادارية الجديدة', 6, '1,170,000', 0, '147م', 0, '<br>', NULL, 'النموذج الاول - دور متكرر - 3 غرف نوم رئيسية&nbsp; - مساحة 147م<br><div><br></div><div><div>هو أحدث المشاريع السكنية في العاصمة الإدارية الجديدة والذي يقوم بإطلاقه إحدى أكبر الشركات المصرية الرائدة فى مجال التطوير العقارى وهى “مجموعة مصر إيطاليا” والتى قامت بتطوير مشاريع مختلفة بالقاهرة والساحل الشمالى والعين السخنة.</div><div><br></div><div>يتميز مشروع إل بوسكو IL Bosco بمساحتة الواسعة حيث يمتد المشروع على مساحة 200 فدان&nbsp; في قلب العاصمة الإدارية الجديدة؛ التى تقع على حدود مدينة بدر فى المنطقة المحصورة بين طريقى القاهرة/السويس والقاهرة/العين السخنة، شرق الطريق الدائرى الإقليمى مباشرةً بعد القاهرة الجديدة ومشروعى مدينتى ومدينة المستقبل فتبعد العاصمة الإدارية مسافة 60 كيلو متر فقط عن قلب القاهرة.</div><div><br></div><div>وأهم ما يميز موقع مشروع إل بوسكو IL Bosco هو قربه من كل المناطق الاستثنائية بالعاصمة الإدارية الجديدة.</div></div>', '2018-01-01 21:21:59', '2018-04-02 05:20:48', 4, 3, 2, '5', 1, '09.jpg', '01', '2018', 'شقة-نموذج1-متكرر-147م'),
(30, 'شقة النموذج الاول دور متكرر 149م', 'العاصمة الادارية الجديدة', 6, '1,170,000', 0, '149م', 0, '<br>', NULL, 'النموذج الاول - دور متكرر - 3 غرف نوم رئيسية&nbsp; - مساحة 149م<br><div><br></div><div><div>هو أحدث المشاريع السكنية في العاصمة الإدارية الجديدة والذي يقوم بإطلاقه إحدى أكبر الشركات المصرية الرائدة فى مجال التطوير العقارى وهى “مجموعة مصر إيطاليا” والتى قامت بتطوير مشاريع مختلفة بالقاهرة والساحل الشمالى والعين السخنة.</div><div><br></div><div>يتميز مشروع إل بوسكو IL Bosco بمساحتة الواسعة حيث يمتد المشروع على مساحة 200 فدان&nbsp; في قلب العاصمة الإدارية الجديدة؛ التى تقع على حدود مدينة بدر فى المنطقة المحصورة بين طريقى القاهرة/السويس والقاهرة/العين السخنة، شرق الطريق الدائرى الإقليمى مباشرةً بعد القاهرة الجديدة ومشروعى مدينتى ومدينة المستقبل فتبعد العاصمة الإدارية مسافة 60 كيلو متر فقط عن قلب القاهرة.</div><div><br></div><div>وأهم ما يميز موقع مشروع إل بوسكو IL Bosco هو قربه من كل المناطق الاستثنائية بالعاصمة الإدارية الجديدة.</div></div>', '2018-01-01 21:22:03', '2018-04-02 05:20:48', 4, 3, 2, '5', 1, '010.jpg', '01', '2018', 'شقة-نموذج1-متكرر-149م'),
(31, 'شقة النموذج الاول دور متكرر 144م', 'العاصمة الادارية الجديدة', 6, '1,170,000', 0, '144م', 0, '<br>', NULL, 'النموذج الاول - دور متكرر - 3 غرف نوم رئيسية&nbsp; - مساحة 144م<br><div><br></div><div><div>هو أحدث المشاريع السكنية في العاصمة الإدارية الجديدة والذي يقوم بإطلاقه إحدى أكبر الشركات المصرية الرائدة فى مجال التطوير العقارى وهى “مجموعة مصر إيطاليا” والتى قامت بتطوير مشاريع مختلفة بالقاهرة والساحل الشمالى والعين السخنة.</div><div><br></div><div>يتميز مشروع إل بوسكو IL Bosco بمساحتة الواسعة حيث يمتد المشروع على مساحة 200 فدان&nbsp; في قلب العاصمة الإدارية الجديدة؛ التى تقع على حدود مدينة بدر فى المنطقة المحصورة بين طريقى القاهرة/السويس والقاهرة/العين السخنة، شرق الطريق الدائرى الإقليمى مباشرةً بعد القاهرة الجديدة ومشروعى مدينتى ومدينة المستقبل فتبعد العاصمة الإدارية مسافة 60 كيلو متر فقط عن قلب القاهرة.</div><div><br></div><div>وأهم ما يميز موقع مشروع إل بوسكو IL Bosco هو قربه من كل المناطق الاستثنائية بالعاصمة الإدارية الجديدة.</div></div>', '2018-01-01 21:22:07', '2018-04-02 05:20:48', 4, 3, 2, '5', 1, '011.jpg', '01', '2018', 'شقة-نموذج1-متكرر-144م'),
(32, 'شقة النموذج الاول دور متكرر 192م', 'العاصمة الادارية الجديدة', 6, '1,170,000', 0, '192م', 0, '<br>', NULL, 'النموذج الاول - دور متكرر - 3 غرف نوم رئيسية&nbsp; - مساحة 192م<br><div><br></div><div><div>هو أحدث المشاريع السكنية في العاصمة الإدارية الجديدة والذي يقوم بإطلاقه إحدى أكبر الشركات المصرية الرائدة فى مجال التطوير العقارى وهى “مجموعة مصر إيطاليا” والتى قامت بتطوير مشاريع مختلفة بالقاهرة والساحل الشمالى والعين السخنة.</div><div><br></div><div>يتميز مشروع إل بوسكو IL Bosco بمساحتة الواسعة حيث يمتد المشروع على مساحة 200 فدان&nbsp; في قلب العاصمة الإدارية الجديدة؛ التى تقع على حدود مدينة بدر فى المنطقة المحصورة بين طريقى القاهرة/السويس والقاهرة/العين السخنة، شرق الطريق الدائرى الإقليمى مباشرةً بعد القاهرة الجديدة ومشروعى مدينتى ومدينة المستقبل فتبعد العاصمة الإدارية مسافة 60 كيلو متر فقط عن قلب القاهرة.</div><div><br></div><div>وأهم ما يميز موقع مشروع إل بوسكو IL Bosco هو قربه من كل المناطق الاستثنائية بالعاصمة الإدارية الجديدة.</div></div>', '2018-01-01 21:22:10', '2018-04-02 05:20:48', 4, 3, 2, '5', 1, '012.jpg', '01', '2018', 'شقة-نموذج1-متكرر-192م'),
(33, 'شقة النموذج الاول دور متكرر 135م', 'العاصمة الادارية الجديدة', 6, '1,170,000', 0, '135م', 0, '<br>', NULL, 'النموذج الاول - دور متكرر - 2 غرف نوم رئيسية&nbsp; - مساحة 135م<br><div><br></div><div><div>هو أحدث المشاريع السكنية في العاصمة الإدارية الجديدة والذي يقوم بإطلاقه إحدى أكبر الشركات المصرية الرائدة فى مجال التطوير العقارى وهى “مجموعة مصر إيطاليا” والتى قامت بتطوير مشاريع مختلفة بالقاهرة والساحل الشمالى والعين السخنة.</div><div><br></div><div>يتميز مشروع إل بوسكو IL Bosco بمساحتة الواسعة حيث يمتد المشروع على مساحة 200 فدان&nbsp; في قلب العاصمة الإدارية الجديدة؛ التى تقع على حدود مدينة بدر فى المنطقة المحصورة بين طريقى القاهرة/السويس والقاهرة/العين السخنة، شرق الطريق الدائرى الإقليمى مباشرةً بعد القاهرة الجديدة ومشروعى مدينتى ومدينة المستقبل فتبعد العاصمة الإدارية مسافة 60 كيلو متر فقط عن قلب القاهرة.</div><div><br></div><div>وأهم ما يميز موقع مشروع إل بوسكو IL Bosco هو قربه من كل المناطق الاستثنائية بالعاصمة الإدارية الجديدة.</div></div>', '2018-01-01 21:22:14', '2018-04-02 05:20:48', 4, 2, 2, '5', 1, '013.jpg', '01', '2018', 'شقة-نموذج1-متكرر-135م'),
(34, 'شقة النموذج الاول دور متكرر 126م', 'العاصمة الادارية الجديدة', 6, '1,170,000', 0, '126م', 0, '<br>', NULL, 'النموذج الاول - دور متكرر - 2 غرف نوم رئيسية&nbsp; - مساحة 126م<br><div><br></div><div><div>هو أحدث المشاريع السكنية في العاصمة الإدارية الجديدة والذي يقوم بإطلاقه إحدى أكبر الشركات المصرية الرائدة فى مجال التطوير العقارى وهى “مجموعة مصر إيطاليا” والتى قامت بتطوير مشاريع مختلفة بالقاهرة والساحل الشمالى والعين السخنة.</div><div><br></div><div>يتميز مشروع إل بوسكو IL Bosco بمساحتة الواسعة حيث يمتد المشروع على مساحة 200 فدان&nbsp; في قلب العاصمة الإدارية الجديدة؛ التى تقع على حدود مدينة بدر فى المنطقة المحصورة بين طريقى القاهرة/السويس والقاهرة/العين السخنة، شرق الطريق الدائرى الإقليمى مباشرةً بعد القاهرة الجديدة ومشروعى مدينتى ومدينة المستقبل فتبعد العاصمة الإدارية مسافة 60 كيلو متر فقط عن قلب القاهرة.</div><div><br></div><div>وأهم ما يميز موقع مشروع إل بوسكو IL Bosco هو قربه من كل المناطق الاستثنائية بالعاصمة الإدارية الجديدة.</div></div>', '2018-01-01 21:22:18', '2018-04-02 05:20:48', 4, 2, 2, '5', 1, '014.jpg', '01', '2018', 'شقة-نموذج1-متكرر-126م'),
(35, 'شقة النموذج الثانى دور ارضى 131م', 'العاصمة الادارية الجديدة', 6, '1,170,000', 0, '131م', 0, '<br>', NULL, 'النموذج الثانى - دور ارضى - 2 غرف نوم رئيسية&nbsp; - مساحة 131م<br><div><br></div><div><div>هو أحدث المشاريع السكنية في العاصمة الإدارية الجديدة والذي يقوم بإطلاقه إحدى أكبر الشركات المصرية الرائدة فى مجال التطوير العقارى وهى “مجموعة مصر إيطاليا” والتى قامت بتطوير مشاريع مختلفة بالقاهرة والساحل الشمالى والعين السخنة.</div><div><br></div><div>يتميز مشروع إل بوسكو IL Bosco بمساحتة الواسعة حيث يمتد المشروع على مساحة 200 فدان&nbsp; في قلب العاصمة الإدارية الجديدة؛ التى تقع على حدود مدينة بدر فى المنطقة المحصورة بين طريقى القاهرة/السويس والقاهرة/العين السخنة، شرق الطريق الدائرى الإقليمى مباشرةً بعد القاهرة الجديدة ومشروعى مدينتى ومدينة المستقبل فتبعد العاصمة الإدارية مسافة 60 كيلو متر فقط عن قلب القاهرة.</div><div><br></div><div>وأهم ما يميز موقع مشروع إل بوسكو IL Bosco هو قربه من كل المناطق الاستثنائية بالعاصمة الإدارية الجديدة.</div></div>', '2018-01-01 21:43:54', '2018-04-02 05:20:48', 4, 2, 2, '5', 1, '1.jpg', '01', '2018', 'شقة-نموذج2-ارضى-131م'),
(36, 'شقة النموذج الثانى دور ارضى 150م', 'العاصمة الادارية الجديدة', 6, '1,170,000', 0, '150م', 0, '<br>', NULL, 'النموذج الثانى - دور ارضى - 3غرف نوم رئيسية&nbsp; - مساحة 150م<br><div><br></div><div><div>هو أحدث المشاريع السكنية في العاصمة الإدارية الجديدة والذي يقوم بإطلاقه إحدى أكبر الشركات المصرية الرائدة فى مجال التطوير العقارى وهى “مجموعة مصر إيطاليا” والتى قامت بتطوير مشاريع مختلفة بالقاهرة والساحل الشمالى والعين السخنة.</div><div><br></div><div>يتميز مشروع إل بوسكو IL Bosco بمساحتة الواسعة حيث يمتد المشروع على مساحة 200 فدان&nbsp; في قلب العاصمة الإدارية الجديدة؛ التى تقع على حدود مدينة بدر فى المنطقة المحصورة بين طريقى القاهرة/السويس والقاهرة/العين السخنة، شرق الطريق الدائرى الإقليمى مباشرةً بعد القاهرة الجديدة ومشروعى مدينتى ومدينة المستقبل فتبعد العاصمة الإدارية مسافة 60 كيلو متر فقط عن قلب القاهرة.</div><div><br></div><div>وأهم ما يميز موقع مشروع إل بوسكو IL Bosco هو قربه من كل المناطق الاستثنائية بالعاصمة الإدارية الجديدة.</div></div>', '2018-01-01 21:43:58', '2018-04-02 05:20:48', 4, 3, 2, '5', 1, '2.jpg', '01', '2018', 'شقة-نموذج2-ارضى-150م'),
(37, 'شقة النموذج الثانى دور ارضى 124م', 'العاصمة الادارية الجديدة', 6, '1,170,000', 0, '124م', 0, '<br>', NULL, 'النموذج الثانى - دور ارضى - 2غرف نوم رئيسية&nbsp; - مساحة 124م<br><div><br></div><div><div>هو أحدث المشاريع السكنية في العاصمة الإدارية الجديدة والذي يقوم بإطلاقه إحدى أكبر الشركات المصرية الرائدة فى مجال التطوير العقارى وهى “مجموعة مصر إيطاليا” والتى قامت بتطوير مشاريع مختلفة بالقاهرة والساحل الشمالى والعين السخنة.</div><div><br></div><div>يتميز مشروع إل بوسكو IL Bosco بمساحتة الواسعة حيث يمتد المشروع على مساحة 200 فدان&nbsp; في قلب العاصمة الإدارية الجديدة؛ التى تقع على حدود مدينة بدر فى المنطقة المحصورة بين طريقى القاهرة/السويس والقاهرة/العين السخنة، شرق الطريق الدائرى الإقليمى مباشرةً بعد القاهرة الجديدة ومشروعى مدينتى ومدينة المستقبل فتبعد العاصمة الإدارية مسافة 60 كيلو متر فقط عن قلب القاهرة.</div><div><br></div><div>وأهم ما يميز موقع مشروع إل بوسكو IL Bosco هو قربه من كل المناطق الاستثنائية بالعاصمة الإدارية الجديدة.</div></div>', '2018-01-01 21:44:01', '2018-04-02 05:20:48', 4, 2, 2, '5', 1, '3.jpg', '01', '2018', 'شقة-نموذج2-ارضى-124م'),
(38, 'شقة النموذج الثانى دور ارضى 135م', 'العاصمة الادارية الجديدة', 6, '1,170,000', 0, '135م', 0, '<br>', NULL, 'النموذج الثانى - دور ارضى - 2غرف نوم رئيسية&nbsp; - مساحة 135م<br><div><br></div><div><div>هو أحدث المشاريع السكنية في العاصمة الإدارية الجديدة والذي يقوم بإطلاقه إحدى أكبر الشركات المصرية الرائدة فى مجال التطوير العقارى وهى “مجموعة مصر إيطاليا” والتى قامت بتطوير مشاريع مختلفة بالقاهرة والساحل الشمالى والعين السخنة.</div><div><br></div><div>يتميز مشروع إل بوسكو IL Bosco بمساحتة الواسعة حيث يمتد المشروع على مساحة 200 فدان&nbsp; في قلب العاصمة الإدارية الجديدة؛ التى تقع على حدود مدينة بدر فى المنطقة المحصورة بين طريقى القاهرة/السويس والقاهرة/العين السخنة، شرق الطريق الدائرى الإقليمى مباشرةً بعد القاهرة الجديدة ومشروعى مدينتى ومدينة المستقبل فتبعد العاصمة الإدارية مسافة 60 كيلو متر فقط عن قلب القاهرة.</div><div><br></div><div>وأهم ما يميز موقع مشروع إل بوسكو IL Bosco هو قربه من كل المناطق الاستثنائية بالعاصمة الإدارية الجديدة.</div></div>', '2018-01-01 21:44:05', '2018-04-02 05:20:49', 4, 2, 2, '5', 1, '4.jpg', '01', '2018', 'شقة-نموذج2-ارضى-135م'),
(39, 'شقة النموذج الثانى دور ارضى 129م', 'العاصمة الادارية الجديدة', 6, '1,170,000', 0, '129م', 0, '<br>', NULL, 'النموذج الثانى - دور ارضى - 2غرف نوم رئيسية&nbsp; - مساحة 129م<br><div><br></div><div><div>هو أحدث المشاريع السكنية في العاصمة الإدارية الجديدة والذي يقوم بإطلاقه إحدى أكبر الشركات المصرية الرائدة فى مجال التطوير العقارى وهى “مجموعة مصر إيطاليا” والتى قامت بتطوير مشاريع مختلفة بالقاهرة والساحل الشمالى والعين السخنة.</div><div><br></div><div>يتميز مشروع إل بوسكو IL Bosco بمساحتة الواسعة حيث يمتد المشروع على مساحة 200 فدان&nbsp; في قلب العاصمة الإدارية الجديدة؛ التى تقع على حدود مدينة بدر فى المنطقة المحصورة بين طريقى القاهرة/السويس والقاهرة/العين السخنة، شرق الطريق الدائرى الإقليمى مباشرةً بعد القاهرة الجديدة ومشروعى مدينتى ومدينة المستقبل فتبعد العاصمة الإدارية مسافة 60 كيلو متر فقط عن قلب القاهرة.</div><div><br></div><div>وأهم ما يميز موقع مشروع إل بوسكو IL Bosco هو قربه من كل المناطق الاستثنائية بالعاصمة الإدارية الجديدة.</div></div>', '2018-01-01 21:44:08', '2018-04-02 05:20:49', 4, 2, 2, '5', 1, '10.jpg', '01', '2018', 'شقة-نموذج2-ارضى-129م'),
(40, 'شقة النموذج الثانى دور ارضى 185م', 'العاصمة الادارية الجديدة', 6, '1,170,000', 0, '185م', 0, '<br>', NULL, 'النموذج الثانى - دور ارضى - 2غرف نوم رئيسية&nbsp; - مساحة 185م<br><div><br></div><div><div>هو أحدث المشاريع السكنية في العاصمة الإدارية الجديدة والذي يقوم بإطلاقه إحدى أكبر الشركات المصرية الرائدة فى مجال التطوير العقارى وهى “مجموعة مصر إيطاليا” والتى قامت بتطوير مشاريع مختلفة بالقاهرة والساحل الشمالى والعين السخنة.</div><div><br></div><div>يتميز مشروع إل بوسكو IL Bosco بمساحتة الواسعة حيث يمتد المشروع على مساحة 200 فدان&nbsp; في قلب العاصمة الإدارية الجديدة؛ التى تقع على حدود مدينة بدر فى المنطقة المحصورة بين طريقى القاهرة/السويس والقاهرة/العين السخنة، شرق الطريق الدائرى الإقليمى مباشرةً بعد القاهرة الجديدة ومشروعى مدينتى ومدينة المستقبل فتبعد العاصمة الإدارية مسافة 60 كيلو متر فقط عن قلب القاهرة.</div><div><br></div><div>وأهم ما يميز موقع مشروع إل بوسكو IL Bosco هو قربه من كل المناطق الاستثنائية بالعاصمة الإدارية الجديدة.</div></div>', '2018-01-01 21:44:12', '2018-04-02 05:20:49', 4, 2, 2, '5', 1, '6.jpg', '01', '2018', 'شقة-نموذج2-ارضى- 185م'),
(41, 'شقة النموذج الثانى دور ارضى 191م', 'العاصمة الادارية الجديدة', 6, '1,170,000', 0, '191م', 0, '<br>', NULL, 'النموذج الثانى - دور ارضى - 3غرف نوم رئيسية&nbsp; - مساحة 191م<br><div><br></div><div><div>هو أحدث المشاريع السكنية في العاصمة الإدارية الجديدة والذي يقوم بإطلاقه إحدى أكبر الشركات المصرية الرائدة فى مجال التطوير العقارى وهى “مجموعة مصر إيطاليا” والتى قامت بتطوير مشاريع مختلفة بالقاهرة والساحل الشمالى والعين السخنة.</div><div><br></div><div>يتميز مشروع إل بوسكو IL Bosco بمساحتة الواسعة حيث يمتد المشروع على مساحة 200 فدان&nbsp; في قلب العاصمة الإدارية الجديدة؛ التى تقع على حدود مدينة بدر فى المنطقة المحصورة بين طريقى القاهرة/السويس والقاهرة/العين السخنة، شرق الطريق الدائرى الإقليمى مباشرةً بعد القاهرة الجديدة ومشروعى مدينتى ومدينة المستقبل فتبعد العاصمة الإدارية مسافة 60 كيلو متر فقط عن قلب القاهرة.</div><div><br></div><div>وأهم ما يميز موقع مشروع إل بوسكو IL Bosco هو قربه من كل المناطق الاستثنائية بالعاصمة الإدارية الجديدة.</div></div>', '2018-01-01 21:44:16', '2018-04-02 05:20:49', 4, 3, 2, '5', 1, '8.jpg', '01', '2018', 'شقة-نموذج2-ارضى-191م'),
(42, 'شقة النموذج الثانى دور ارضى 137م', 'العاصمة الادارية الجديدة', 6, '1,170,000', 0, '137م', 0, '<br>', NULL, 'النموذج الثانى - دور ارضى - 2غرف نوم رئيسية&nbsp; - مساحة 137م<br><div><br></div><div><div>هو أحدث المشاريع السكنية في العاصمة الإدارية الجديدة والذي يقوم بإطلاقه إحدى أكبر الشركات المصرية الرائدة فى مجال التطوير العقارى وهى “مجموعة مصر إيطاليا” والتى قامت بتطوير مشاريع مختلفة بالقاهرة والساحل الشمالى والعين السخنة.</div><div><br></div><div>يتميز مشروع إل بوسكو IL Bosco بمساحتة الواسعة حيث يمتد المشروع على مساحة 200 فدان&nbsp; في قلب العاصمة الإدارية الجديدة؛ التى تقع على حدود مدينة بدر فى المنطقة المحصورة بين طريقى القاهرة/السويس والقاهرة/العين السخنة، شرق الطريق الدائرى الإقليمى مباشرةً بعد القاهرة الجديدة ومشروعى مدينتى ومدينة المستقبل فتبعد العاصمة الإدارية مسافة 60 كيلو متر فقط عن قلب القاهرة.</div><div><br></div><div>وأهم ما يميز موقع مشروع إل بوسكو IL Bosco هو قربه من كل المناطق الاستثنائية بالعاصمة الإدارية الجديدة.</div></div>', '2018-01-01 21:44:20', '2018-04-02 05:20:49', 4, 2, 2, '5', 1, '9.jpg', '01', '2018', 'شقة-نموذج2-ارضى-137م'),
(43, 'شقة النموذج الثالث دور ارضى 129م', 'العاصمة الادارية الجديدة', 6, '1,170,000', 0, '129م', 0, '<br>', NULL, 'النموذج الثالث- دور ارضى - 2غرف نوم رئيسية&nbsp; - مساحة 129م<br><div><br></div><div><div>هو أحدث المشاريع السكنية في العاصمة الإدارية الجديدة والذي يقوم بإطلاقه إحدى أكبر الشركات المصرية الرائدة فى مجال التطوير العقارى وهى “مجموعة مصر إيطاليا” والتى قامت بتطوير مشاريع مختلفة بالقاهرة والساحل الشمالى والعين السخنة.</div><div><br></div><div>يتميز مشروع إل بوسكو IL Bosco بمساحتة الواسعة حيث يمتد المشروع على مساحة 200 فدان&nbsp; في قلب العاصمة الإدارية الجديدة؛ التى تقع على حدود مدينة بدر فى المنطقة المحصورة بين طريقى القاهرة/السويس والقاهرة/العين السخنة، شرق الطريق الدائرى الإقليمى مباشرةً بعد القاهرة الجديدة ومشروعى مدينتى ومدينة المستقبل فتبعد العاصمة الإدارية مسافة 60 كيلو متر فقط عن قلب القاهرة.</div><div><br></div><div>وأهم ما يميز موقع مشروع إل بوسكو IL Bosco هو قربه من كل المناطق الاستثنائية بالعاصمة الإدارية الجديدة.</div></div>', '2018-01-02 20:36:23', '2018-04-02 05:20:49', 4, 2, 2, '5', 1, '1.jpg', '01', '2018', 'شقة-نموذج3-ارضى-129م'),
(44, 'شقة النموذج الثالث دور ارضى 147م', 'العاصمة الادارية الجديدة', 6, '1,170,000', 0, '147م', 0, '<br>', NULL, '<div>النموذج الثالث- دور ارضى - 3غرف نوم رئيسية&nbsp; - مساحة 147م</div><div><br></div><div>هو أحدث المشاريع السكنية في العاصمة الإدارية الجديدة والذي يقوم بإطلاقه إحدى أكبر الشركات المصرية الرائدة فى مجال التطوير العقارى وهى “مجموعة مصر إيطاليا” والتى قامت بتطوير مشاريع مختلفة بالقاهرة والساحل الشمالى والعين السخنة.</div><div><br></div><div>يتميز مشروع إل بوسكو IL Bosco بمساحتة الواسعة حيث يمتد المشروع على مساحة 200 فدان&nbsp; في قلب العاصمة الإدارية الجديدة؛ التى تقع على حدود مدينة بدر فى المنطقة المحصورة بين طريقى القاهرة/السويس والقاهرة/العين السخنة، شرق الطريق الدائرى الإقليمى مباشرةً بعد القاهرة الجديدة ومشروعى مدينتى ومدينة المستقبل فتبعد العاصمة الإدارية مسافة 60 كيلو متر فقط عن قلب القاهرة.</div><div><br></div><div>وأهم ما يميز موقع مشروع إل بوسكو IL Bosco هو قربه من كل المناطق الاستثنائية بالعاصمة الإدارية الجديدة.</div>', '2018-01-02 20:36:28', '2018-04-02 05:20:49', 4, 3, 2, '5', 1, '2.jpg', '01', '2018', 'شقة-نموذج3-ارضى-147م'),
(45, 'شقة النموذج الثالث دور ارضى 182م', 'العاصمة الادارية الجديدة', 6, '1,170,000', 0, '182م', 0, '<br>', NULL, '<div>النموذج الثالث- دور ارضى - 3غرف نوم رئيسية&nbsp; - مساحة &nbsp;182م</div><div><br></div><div>هو أحدث المشاريع السكنية في العاصمة الإدارية الجديدة والذي يقوم بإطلاقه إحدى أكبر الشركات المصرية الرائدة فى مجال التطوير العقارى وهى “مجموعة مصر إيطاليا” والتى قامت بتطوير مشاريع مختلفة بالقاهرة والساحل الشمالى والعين السخنة.</div><div><br></div><div>يتميز مشروع إل بوسكو IL Bosco بمساحتة الواسعة حيث يمتد المشروع على مساحة 200 فدان&nbsp; في قلب العاصمة الإدارية الجديدة؛ التى تقع على حدود مدينة بدر فى المنطقة المحصورة بين طريقى القاهرة/السويس والقاهرة/العين السخنة، شرق الطريق الدائرى الإقليمى مباشرةً بعد القاهرة الجديدة ومشروعى مدينتى ومدينة المستقبل فتبعد العاصمة الإدارية مسافة 60 كيلو متر فقط عن قلب القاهرة.</div><div><br></div><div>وأهم ما يميز موقع مشروع إل بوسكو IL Bosco هو قربه من كل المناطق الاستثنائية بالعاصمة الإدارية الجديدة.</div>', '2018-01-02 20:36:33', '2018-04-02 05:20:49', 4, 3, 2, '5', 1, '3.jpg', '01', '2018', 'شقة-نموذج3-ارضى-182م'),
(46, 'شقة النموذج الثالث دور ارضى 147م-2', 'العاصمة الادارية الجديدة', 6, '1,170,000', 0, '182م', 0, '<br>', NULL, '<div>النموذج الثالث- دور ارضى - 3غرف نوم رئيسية&nbsp; - مساحة &nbsp;147م 2</div><div><br></div><div>هو أحدث المشاريع السكنية في العاصمة الإدارية الجديدة والذي يقوم بإطلاقه إحدى أكبر الشركات المصرية الرائدة فى مجال التطوير العقارى وهى “مجموعة مصر إيطاليا” والتى قامت بتطوير مشاريع مختلفة بالقاهرة والساحل الشمالى والعين السخنة.</div><div><br></div><div>يتميز مشروع إل بوسكو IL Bosco بمساحتة الواسعة حيث يمتد المشروع على مساحة 200 فدان&nbsp; في قلب العاصمة الإدارية الجديدة؛ التى تقع على حدود مدينة بدر فى المنطقة المحصورة بين طريقى القاهرة/السويس والقاهرة/العين السخنة، شرق الطريق الدائرى الإقليمى مباشرةً بعد القاهرة الجديدة ومشروعى مدينتى ومدينة المستقبل فتبعد العاصمة الإدارية مسافة 60 كيلو متر فقط عن قلب القاهرة.</div><div><br></div><div>وأهم ما يميز موقع مشروع إل بوسكو IL Bosco هو قربه من كل المناطق الاستثنائية بالعاصمة الإدارية الجديدة.</div>', '2018-01-02 20:39:03', '2018-04-02 05:20:49', 4, 3, 2, '5', 1, '2.jpg', '01', '2018', 'شقة-نموذج3-ارضى-147م-2'),
(47, 'شقة النموذج الرابع دور ارضى 129م', 'العاصمة الادارية الجديدة', 6, '1,170,000', 0, '129م', 0, '<br>', NULL, 'النموذج الرابع- دور ارضى - 2غرف نوم رئيسية&nbsp; - مساحة 129م<br><div><br></div><div><div>هو أحدث المشاريع السكنية في العاصمة الإدارية الجديدة والذي يقوم بإطلاقه إحدى أكبر الشركات المصرية الرائدة فى مجال التطوير العقارى وهى “مجموعة مصر إيطاليا” والتى قامت بتطوير مشاريع مختلفة بالقاهرة والساحل الشمالى والعين السخنة.</div><div><br></div><div>يتميز مشروع إل بوسكو IL Bosco بمساحتة الواسعة حيث يمتد المشروع على مساحة 200 فدان&nbsp; في قلب العاصمة الإدارية الجديدة؛ التى تقع على حدود مدينة بدر فى المنطقة المحصورة بين طريقى القاهرة/السويس والقاهرة/العين السخنة، شرق الطريق الدائرى الإقليمى مباشرةً بعد القاهرة الجديدة ومشروعى مدينتى ومدينة المستقبل فتبعد العاصمة الإدارية مسافة 60 كيلو متر فقط عن قلب القاهرة.</div><div><br></div><div>وأهم ما يميز موقع مشروع إل بوسكو IL Bosco هو قربه من كل المناطق الاستثنائية بالعاصمة الإدارية الجديدة.</div></div>', '2018-01-02 21:57:07', '2018-04-02 05:20:49', 4, 2, 2, '5', 1, '1.jpg', '01', '2018', 'شقة-نموذج4-ارضى-129م'),
(48, 'شقة النموذج الرابع دور ارضى 114م', 'العاصمة الادارية الجديدة', 6, '1,170,000', NULL, '137م', NULL, '<br>', NULL, 'النموذج الرابع - دور ارضى - 2غرف نوم رئيسية&nbsp; - مساحة 114م<br><div><br></div><div><div>هو أحدث المشاريع السكنية في العاصمة الإدارية الجديدة والذي يقوم بإطلاقه إحدى أكبر الشركات المصرية الرائدة فى مجال التطوير العقارى وهى “مجموعة مصر إيطاليا” والتى قامت بتطوير مشاريع مختلفة بالقاهرة والساحل الشمالى والعين السخنة.</div><div><br></div><div>يتميز مشروع إل بوسكو IL Bosco بمساحتة الواسعة حيث يمتد المشروع على مساحة 200 فدان&nbsp; في قلب العاصمة الإدارية الجديدة؛ التى تقع على حدود مدينة بدر فى المنطقة المحصورة بين طريقى القاهرة/السويس والقاهرة/العين السخنة، شرق الطريق الدائرى الإقليمى مباشرةً بعد القاهرة الجديدة ومشروعى مدينتى ومدينة المستقبل فتبعد العاصمة الإدارية مسافة 60 كيلو متر فقط عن قلب القاهرة.</div><div><br></div><div>وأهم ما يميز موقع مشروع إل بوسكو IL Bosco هو قربه من كل المناطق الاستثنائية بالعاصمة الإدارية الجديدة.</div></div>', '2018-01-02 21:57:32', '2018-04-02 05:20:49', 4, 2, 2, '5', 1, '2.jpg', '01', '2018', 'شقة-نموذج4-ارضى-114م'),
(49, 'شقة النموذج الرابع دور ارضى 157م', 'العاصمة الادارية الجديدة', 6, '1,170,000', NULL, '157م', 0, '<br>', NULL, 'النموذج الرابع - دور ارضى - 3غرف نوم رئيسية&nbsp; - مساحة 157م<br><div><br></div><div><div>هو أحدث المشاريع السكنية في العاصمة الإدارية الجديدة والذي يقوم بإطلاقه إحدى أكبر الشركات المصرية الرائدة فى مجال التطوير العقارى وهى “مجموعة مصر إيطاليا” والتى قامت بتطوير مشاريع مختلفة بالقاهرة والساحل الشمالى والعين السخنة.</div><div><br></div><div>يتميز مشروع إل بوسكو IL Bosco بمساحتة الواسعة حيث يمتد المشروع على مساحة 200 فدان&nbsp; في قلب العاصمة الإدارية الجديدة؛ التى تقع على حدود مدينة بدر فى المنطقة المحصورة بين طريقى القاهرة/السويس والقاهرة/العين السخنة، شرق الطريق الدائرى الإقليمى مباشرةً بعد القاهرة الجديدة ومشروعى مدينتى ومدينة المستقبل فتبعد العاصمة الإدارية مسافة 60 كيلو متر فقط عن قلب القاهرة.</div><div><br></div><div>وأهم ما يميز موقع مشروع إل بوسكو IL Bosco هو قربه من كل المناطق الاستثنائية بالعاصمة الإدارية الجديدة.</div></div>', '2018-01-02 21:58:08', '2018-04-02 05:20:49', 4, 3, 2, '5', 1, '3.jpg', '01', '2018', 'شقة-نموذج4-ارضى-157م'),
(50, 'شقة النموذج الرابع دور ارضى 129م', 'العاصمة الادارية الجديدة', 6, '1,170,000', 0, '129م', 0, '<br>', NULL, '<div>النموذج الرابع - دور ارضى - 2غرف نوم رئيسية&nbsp; - مساحة 129م</div><div><br></div><div><br></div><div>هو أحدث المشاريع السكنية في العاصمة الإدارية الجديدة والذي يقوم بإطلاقه إحدى أكبر الشركات المصرية الرائدة فى مجال التطوير العقارى وهى “مجموعة مصر إيطاليا” والتى قامت بتطوير مشاريع مختلفة بالقاهرة والساحل الشمالى والعين السخنة.</div><div><br></div><div>يتميز مشروع إل بوسكو IL Bosco بمساحتة الواسعة حيث يمتد المشروع على مساحة 200 فدان&nbsp; في قلب العاصمة الإدارية الجديدة؛ التى تقع على حدود مدينة بدر فى المنطقة المحصورة بين طريقى القاهرة/السويس والقاهرة/العين السخنة، شرق الطريق الدائرى الإقليمى مباشرةً بعد القاهرة الجديدة ومشروعى مدينتى ومدينة المستقبل فتبعد العاصمة الإدارية مسافة 60 كيلو متر فقط عن قلب القاهرة.</div><div><br></div><div>وأهم ما يميز موقع مشروع إل بوسكو IL Bosco هو قربه من كل المناطق الاستثنائية بالعاصمة الإدارية الجديدة.</div>', '2018-01-02 22:07:10', '2018-04-02 05:20:49', 4, 2, 2, '5', 1, '4.jpg', '01', '2018', 'شقة-النموذج4-ارضى-129م-2'),
(51, 'شقة النموذج الخامس دور ارضى 128م', 'العاصمة الادارية الجديدة', 6, '1,170,000', 0, '128م', 0, '<br>', NULL, '<div style=\"color: rgb(90, 90, 90);\">النموذج الخامس- دور ارضى - 2غرف نوم رئيسية&nbsp; - مساحة 128م</div><div style=\"color: rgb(90, 90, 90);\"><br></div><div style=\"color: rgb(90, 90, 90);\"><br></div><div style=\"color: rgb(90, 90, 90);\">هو أحدث المشاريع السكنية في العاصمة الإدارية الجديدة والذي يقوم بإطلاقه إحدى أكبر الشركات المصرية الرائدة فى مجال التطوير العقارى وهى “مجموعة مصر إيطاليا” والتى قامت بتطوير مشاريع مختلفة بالقاهرة والساحل الشمالى والعين السخنة.</div><div style=\"color: rgb(90, 90, 90);\"><br></div><div style=\"color: rgb(90, 90, 90);\">يتميز مشروع إل بوسكو IL Bosco بمساحتة الواسعة حيث يمتد المشروع على مساحة 200 فدان&nbsp; في قلب العاصمة الإدارية الجديدة؛ التى تقع على حدود مدينة بدر فى المنطقة المحصورة بين طريقى القاهرة/السويس والقاهرة/العين السخنة، شرق الطريق الدائرى الإقليمى مباشرةً بعد القاهرة الجديدة ومشروعى مدينتى ومدينة المستقبل فتبعد العاصمة الإدارية مسافة 60 كيلو متر فقط عن قلب القاهرة.</div><div style=\"color: rgb(90, 90, 90);\"><br></div><div style=\"color: rgb(90, 90, 90);\">وأهم ما يميز موقع مشروع إل بوسكو IL Bosco هو قربه من كل المناطق الاستثنائية بالعاصمة الإدارية الجديدة.</div>', '2018-01-02 22:20:34', '2018-04-02 05:20:49', 4, 2, 2, '5', 1, '1.jpg', '01', '2018', 'شقة-النموذج5-ارضى-128م'),
(52, 'شقة النموذج الخامس دور ارضى 153م', 'العاصمة الادارية الجديدة', 6, '1,170,000', 0, '153م', 0, '<br>', NULL, '<div style=\"color: rgb(90, 90, 90);\">النموذج الخامس- دور ارضى - 3غرف نوم رئيسية&nbsp; - مساحة 153م</div><div style=\"color: rgb(90, 90, 90);\"><br></div><div style=\"color: rgb(90, 90, 90);\"><br></div><div style=\"color: rgb(90, 90, 90);\">هو أحدث المشاريع السكنية في العاصمة الإدارية الجديدة والذي يقوم بإطلاقه إحدى أكبر الشركات المصرية الرائدة فى مجال التطوير العقارى وهى “مجموعة مصر إيطاليا” والتى قامت بتطوير مشاريع مختلفة بالقاهرة والساحل الشمالى والعين السخنة.</div><div style=\"color: rgb(90, 90, 90);\"><br></div><div style=\"color: rgb(90, 90, 90);\">يتميز مشروع إل بوسكو IL Bosco بمساحتة الواسعة حيث يمتد المشروع على مساحة 200 فدان&nbsp; في قلب العاصمة الإدارية الجديدة؛ التى تقع على حدود مدينة بدر فى المنطقة المحصورة بين طريقى القاهرة/السويس والقاهرة/العين السخنة، شرق الطريق الدائرى الإقليمى مباشرةً بعد القاهرة الجديدة ومشروعى مدينتى ومدينة المستقبل فتبعد العاصمة الإدارية مسافة 60 كيلو متر فقط عن قلب القاهرة.</div><div style=\"color: rgb(90, 90, 90);\"><br></div><div style=\"color: rgb(90, 90, 90);\">وأهم ما يميز موقع مشروع إل بوسكو IL Bosco هو قربه من كل المناطق الاستثنائية بالعاصمة الإدارية الجديدة.</div>', '2018-01-02 22:20:50', '2018-04-02 05:20:49', 4, 3, 2, '5', 1, '2.jpg', '01', '2018', 'شقة-النموذج5-ارضى-153م'),
(53, 'شقة النموذج الخامس دور ارضى 181م', 'العاصمة الادارية الجديدة', 6, '1,170,000', 0, '181م', 0, '<br>', NULL, '<div style=\"color: rgb(90, 90, 90);\">النموذج الخامس- دور ارضى - 3غرف نوم رئيسية&nbsp; - مساحة 181م</div><div style=\"color: rgb(90, 90, 90);\"><br></div><div style=\"color: rgb(90, 90, 90);\"><br></div><div style=\"color: rgb(90, 90, 90);\">هو أحدث المشاريع السكنية في العاصمة الإدارية الجديدة والذي يقوم بإطلاقه إحدى أكبر الشركات المصرية الرائدة فى مجال التطوير العقارى وهى “مجموعة مصر إيطاليا” والتى قامت بتطوير مشاريع مختلفة بالقاهرة والساحل الشمالى والعين السخنة.</div><div style=\"color: rgb(90, 90, 90);\"><br></div><div style=\"color: rgb(90, 90, 90);\">يتميز مشروع إل بوسكو IL Bosco بمساحتة الواسعة حيث يمتد المشروع على مساحة 200 فدان&nbsp; في قلب العاصمة الإدارية الجديدة؛ التى تقع على حدود مدينة بدر فى المنطقة المحصورة بين طريقى القاهرة/السويس والقاهرة/العين السخنة، شرق الطريق الدائرى الإقليمى مباشرةً بعد القاهرة الجديدة ومشروعى مدينتى ومدينة المستقبل فتبعد العاصمة الإدارية مسافة 60 كيلو متر فقط عن قلب القاهرة.</div><div style=\"color: rgb(90, 90, 90);\"><br></div><div style=\"color: rgb(90, 90, 90);\">وأهم ما يميز موقع مشروع إل بوسكو IL Bosco هو قربه من كل المناطق الاستثنائية بالعاصمة الإدارية الجديدة.</div>', '2018-01-02 22:20:54', '2018-04-02 05:20:49', 4, 3, 2, '5', 1, '3.jpg', '01', '2018', 'شقة-النموذج5-ارضى-181م'),
(54, 'شقة النموذج الخامس دور ارضى 154م', 'العاصمة الادارية الجديدة', 6, '1,170,000', 0, '154م', 0, '<div style=\"color: rgb(90, 90, 90);\"><br></div>', NULL, '<div style=\"color: rgb(90, 90, 90);\">النموذج الخامس- دور ارضى - 3غرف نوم رئيسية&nbsp; - مساحة 154م</div><div style=\"color: rgb(90, 90, 90);\"><br></div><div style=\"color: rgb(90, 90, 90);\"><br></div><div style=\"color: rgb(90, 90, 90);\">هو أحدث المشاريع السكنية في العاصمة الإدارية الجديدة والذي يقوم بإطلاقه إحدى أكبر الشركات المصرية الرائدة فى مجال التطوير العقارى وهى “مجموعة مصر إيطاليا” والتى قامت بتطوير مشاريع مختلفة بالقاهرة والساحل الشمالى والعين السخنة.</div><div style=\"color: rgb(90, 90, 90);\"><br></div><div style=\"color: rgb(90, 90, 90);\">يتميز مشروع إل بوسكو IL Bosco بمساحتة الواسعة حيث يمتد المشروع على مساحة 200 فدان&nbsp; في قلب العاصمة الإدارية الجديدة؛ التى تقع على حدود مدينة بدر فى المنطقة المحصورة بين طريقى القاهرة/السويس والقاهرة/العين السخنة، شرق الطريق الدائرى الإقليمى مباشرةً بعد القاهرة الجديدة ومشروعى مدينتى ومدينة المستقبل فتبعد العاصمة الإدارية مسافة 60 كيلو متر فقط عن قلب القاهرة.</div><div style=\"color: rgb(90, 90, 90);\"><br></div><div style=\"color: rgb(90, 90, 90);\">وأهم ما يميز موقع مشروع إل بوسكو IL Bosco هو قربه من كل المناطق الاستثنائية بالعاصمة الإدارية الجديدة.</div>', '2018-01-02 22:20:58', '2018-04-02 05:20:49', 4, 3, 2, '5', 1, '4.jpg', '01', '2018', 'شقة-النموذج5-ارضى-154م'),
(55, 'شالية ارضى امامى 70م', 'مرسى مطرروح', 12, '200,000', 0, '70م', 2, '<br>', NULL, '<div>إمتلك الآن شاليه بمطروح 70م بسعر 200 ألف بدل من 310 ألف</div><div>استغل الفرصة صيف واستثمر كمان بعائد 100 %</div><div><br></div><div>ادفع 50 ألف مقدم&nbsp;</div><div>50 ألف بعد سنة&nbsp;</div><div>50 ألف عند الإستلام&nbsp;</div><div>50 ألف بعد الإستلام بسنة</div><div><br></div><div>بدون أقساط شهرية - بدون فوائد</div>', '2018-01-08 16:12:13', '2018-04-02 05:20:49', 4, 3, 1, '14', 1, '1399-1.jpg', '01', '2018', 'شالية-ارضى-امامى-70م'),
(56, 'شالية امامى يسار 70م', 'مرسى مطروح', 13, '200,000', 0, '70م', 2, '<br>', NULL, '<div>إمتلك الآن شاليه بمطروح 70م بسعر 200 ألف بدل من 310 ألف</div><div>استغل الفرصة صيف واستثمر كمان بعائد 100 %</div><div><br></div><div>ادفع 50 ألف مقدم&nbsp;</div><div>50 ألف بعد سنة&nbsp;</div><div>50 ألف عند الإستلام&nbsp;</div><div>50 ألف بعد الإستلام بسنة</div><div><br></div><div>بدون أقساط شهرية - بدون فوائد</div>', '2018-01-08 16:13:23', '2018-04-02 05:20:49', 4, 3, 1, '14', 1, '1399-2.jpg', '01', '2018', 'شالية-امامى-يسار-70م'),
(57, 'شالية امامى يمين 70م', 'مرسى مطروح', 13, '200,000', 0, '70م', 2, '<br>', NULL, '<div>إمتلك الآن شاليه بمطروح 70م بسعر 200 ألف بدل من 310 ألف</div><div>استغل الفرصة صيف واستثمر كمان بعائد 100 %</div><div><br></div><div>ادفع 50 ألف مقدم&nbsp;</div><div>50 ألف بعد سنة&nbsp;</div><div>50 ألف عند الإستلام&nbsp;</div><div>50 ألف بعد الإستلام بسنة</div><div><br></div><div>بدون أقساط شهرية - بدون فوائد</div>', '2018-01-08 16:14:28', '2018-04-02 05:20:49', 4, 3, 1, '14', 1, '1399-3.jpg', '01', '2018', 'شالية-امامى-يمين-70م'),
(58, 'شالية جانبى يسار 70م', 'مرسى مطروح', 13, '200,000', 0, '70م', 2, '<br>', NULL, '<div>إمتلك الآن شاليه بمطروح 70م بسعر 200 ألف بدل من 310 ألف</div><div>استغل الفرصة صيف واستثمر كمان بعائد 100 %</div><div><br></div><div>ادفع 50 ألف مقدم&nbsp;</div><div>50 ألف بعد سنة&nbsp;</div><div>50 ألف عند الإستلام&nbsp;</div><div>50 ألف بعد الإستلام بسنة</div><div><br></div><div>بدون أقساط شهرية - بدون فوائد</div>', '2018-01-08 16:15:41', '2018-04-02 05:20:49', 4, 3, 2, '14', 1, '1399-4.jpg', '01', '2018', 'شالية-جانبى-يسار-70م'),
(59, 'شالية جانبى يمين 70م', 'مرسى مطروح', 13, '200,000', 0, '70م', 2, '<br>', NULL, '<div>إمتلك الآن شاليه بمطروح 70م بسعر 200 ألف بدل من 310 ألف</div><div>استغل الفرصة صيف واستثمر كمان بعائد 100 %</div><div><br></div><div>ادفع 50 ألف مقدم&nbsp;</div><div>50 ألف بعد سنة&nbsp;</div><div>50 ألف عند الإستلام&nbsp;</div><div>50 ألف بعد الإستلام بسنة</div><div><br></div><div>بدون أقساط شهرية - بدون فوائد</div>', '2018-01-08 16:18:41', '2018-04-02 05:20:49', 4, 3, 1, '14', 1, '1399-5.jpg', '01', '2018', 'شالية-جانبى-يمين-70م'),
(60, 'شالية ارضى جانبى 70م', 'مرسى مطروح', 13, '200,000', 0, '70م', 2, '<br>', NULL, '<div>إمتلك الآن شاليه بمطروح 70م بسعر 200 ألف بدل من 310 ألف</div><div>استغل الفرصة صيف واستثمر كمان بعائد 100 %</div><div><br></div><div>ادفع 50 ألف مقدم&nbsp;</div><div>50 ألف بعد سنة&nbsp;</div><div>50 ألف عند الإستلام&nbsp;</div><div>50 ألف بعد الإستلام بسنة</div><div><br></div><div>بدون أقساط شهرية - بدون فوائد</div>', '2018-01-08 16:19:34', '2018-04-02 05:20:49', 4, 3, 1, '14', 1, '1399-6.jpg', '01', '2018', 'شالية-ارضى-جانبى-70م');
INSERT INTO `buildings` (`id`, `building_name`, `building_location`, `building_location_id`, `building_price`, `building_rent`, `building_area`, `building_type`, `building_small_description`, `building_meta`, `building_large_description`, `created_at`, `updated_at`, `user_id`, `rooms`, `baths`, `project_id`, `status`, `image`, `month`, `year`, `nameurl`) VALUES
(61, 'شقة الدور الأرضي', 'مدينة 6 اكتوبر', 11, '815,000 ج', 0, '150 م', 0, '<br>', NULL, 'شقة بالدور الأرضي مكونة من:&nbsp;<div>غرفة النوم الماستر 4.0 * 4.4</div><div>غرفة النوم الثانية&nbsp; 3.9 * 4.0</div><div>غرفة النوم الثالثة 3.9 * 4.0</div><div>الريسبشن 6.0 * 6.8</div><div>المطبخ 3.0 * 4.0</div><div>الحمام 2.2 * 3.4</div><div>التراس الرئيسي 1.4 * 3.2</div><div>التراس الجانبي 1.2 * 2.7</div><div>تراس المطبخ 1.2 * 2.5</div><div><br></div><div>- في حالة سداد 20% مقدم بقيمة 163,000 ج يتم سداد 20% دفعة إستلام بقيمة 163,000 ج ويتم سداد قسط ربع سنوي (كل 3 شهور) قيمته 24,450 ج ومدة التقسيط 20 دفعة (5 سنوات)</div><div><br></div><div>- في حالة سداد 30% مقدم بقيمة 244,500 ج يتم سداد 30% دفعة إستلام بقيمة 244,500&nbsp;ج ويتم سداد قسط ربع سنوي (كل 3 شهور) قيمته 13,583 ج ومدة التقسيط 24 دفعة (6 سنوات)<br></div><div><br></div><div>* توجد وديعة صيانة بقيمة 5% من قيمة الوحدة، تستحق عند الإستلام.</div>', '2018-01-23 21:22:27', '2018-04-02 05:20:49', 4, 3, 2, '12', 1, '2.jpg', '01', '2018', 'شقة-ارضي'),
(62, 'شقة الدور المتكرر', 'مدينة 6 اكتوبر', 11, '780,000 ج', 0, '150 م', 0, '<br>', NULL, 'شقة بالدور المتكرر مكونة من:&nbsp;<div>غرفة النوم الماستر 4.0 * 4.4</div><div>غرفة النوم الثانية&nbsp; 3.9 * 4.0</div><div>غرفة النوم الثالثة 3.9 * 4.0</div><div>الريسبشن + التراس 6.4 * 6.9</div><div>المطبخ 3.3 * 4.0</div><div>الحمام الكبير 2.2 * 3.4</div><div>الحمام الصغير 1.4 * 2.0</div><div>التراس الجانبي 1.8 * 2.0</div><div><br></div><div>- في حالة سداد 20% مقدم بقيمة 156,000 ج يتم سداد 20% دفعة إستلام بقيمة 156,000 ج ويتم سداد قسط ربع سنوي (كل 3 شهور) قيمته 23,400 ج ومدة التقسيط 20 دفعة (5 سنوات)</div><div><br></div><div>- في حالة سداد 30% مقدم بقيمة 234,000 ج يتم سداد 30% دفعة إستلام بقيمة 234,000&nbsp;ج ويتم سداد قسط ربع سنوي (كل 3 شهور) قيمته 13,000 ج ومدة التقسيط 24 دفعة (6 سنوات)<br></div><div><br></div><div>* توجد وديعة صيانة بقيمة 5% من قيمة الوحدة، تستحق عند الإستلام.</div>', '2018-01-24 14:06:05', '2018-04-02 05:20:49', 4, 3, 2, '12', 1, '1.jpg', '01', '2018', 'شقة-متكرر'),
(63, 'شقة دور أرضي وحديقة 115 م', 'الساحل الشمالي', 2, '1,270,000 ج', 0, '115', 0, '<br>', NULL, 'شقة بالدور الأرضي + حديقة مكونة من 3 غرف و2 حمام وريسبشن ومطبخ أمريكي<div>- في حالة سداد 10% مقدم بقيمة 127,000 ج يتم تقسيط الباقي على 5 سنوات</div><div>- في حالة سداد 20% مقدم بقيمة 254,000 ج يتم تقسيط الباقي على 7 سنوات<br></div><div>- في حالة سداد 30% مقدم بقيمة 381,000 ج يتم تقسيط الباقي على 8 سنوات<br></div><div><br></div><div>يتم سداد 10% صيانة من قيمة الوحدة&nbsp;</div>', '2018-01-24 18:14:35', '2018-04-02 05:20:49', 4, 3, 2, '6', 1, 'sh-02.jpg', '01', '2018', 'شقة-دور-ارضي-وحديقة-115م'),
(64, 'شقة دور أول 120 م', 'الساحل الشمالي', 2, '1,170,000 ج', 0, '120', 0, '<br>', NULL, 'شقة بالدور الأول مكونة من 3 غرف و2 حمام وريسبشن ومطبخ أمريكي<div>- في حالة سداد 10% مقدم بقيمة 117,000 ج يتم تقسيط الباقي على 5 سنوات</div><div>- في حالة سداد 20% مقدم بقيمة 234,000 ج يتم تقسيط الباقي على 7 سنوات<br></div><div>- في حالة سداد 30% مقدم بقيمة 351,000 ج يتم تقسيط الباقي على 8 سنوات<br></div><div><br></div><div>يتم سداد 10% صيانة من قيمة الوحدة&nbsp;</div>', '2018-01-24 18:18:57', '2018-04-02 05:20:49', 4, 3, 2, '6', 1, 'sh-01.jpg', '01', '2018', 'شقة-دور-اول-120م'),
(65, 'شقة دور ثاني + رووف 120 م', 'الساحل الشمالي', 2, '1,220,000 ج', 0, '120', 0, '<br>', NULL, '<div style=\"direction: ltr;\"><div style=\"direction: rtl;\">شقة بالدور الثاني + رووف مكونة من 3 غرف و2 حمام وريسبشن ومطبخ أمريكي</div><div style=\"direction: rtl;\">- في حالة سداد 10% مقدم بقيمة 122,000 ج يتم تقسيط الباقي على 5 سنوات</div><div style=\"direction: rtl;\">- في حالة سداد 20% مقدم بقيمة 244,000 ج يتم تقسيط الباقي على 7 سنوات<br></div><div style=\"direction: rtl;\">- في حالة سداد 30% مقدم بقيمة 366,000 ج يتم تقسيط الباقي على 8 سنوات<br></div><div style=\"direction: rtl;\"><br></div><div style=\"direction: rtl;\">يتم سداد 10% صيانة من قيمة الوحدة&nbsp;</div></div>', '2018-01-24 18:22:25', '2018-04-02 05:20:49', 4, 3, 2, '6', 1, 'sh-01.jpg', '01', '2018', 'شقة-دور-ثاني-رووف-120م'),
(66, 'شاليه دور أرضي وحديقة 105 م', 'بالم بيتش', 8, '970,000 ج', 0, '105', 2, '<br>', NULL, '<div style=\"direction: rtl;\">شاليه بالدور الأرضي مكونة من 3 غرف و2 حمام وريسبشن ومطبخ أمريكي</div><div style=\"direction: rtl;\">- في حالة سداد 10% مقدم بقيمة 97,000 ج يتم تقسيط الباقي على 4 سنوات</div><div style=\"direction: rtl;\"><div style=\"direction: rtl;\">- في حالة سداد 15% مقدم بقيمة 145,500 ج يتم تقسيط الباقي على 6 سنوات</div></div><div style=\"direction: rtl;\">- في حالة سداد 20% مقدم بقيمة 194,000 ج يتم تقسيط الباقي على 7 سنوات<br></div><div style=\"direction: rtl;\">- في حالة سداد 30% مقدم بقيمة 291,000 ج يتم تقسيط الباقي على 8 سنوات<br></div><div style=\"direction: rtl;\"><br></div><div style=\"direction: rtl;\">يتم سداد 10% صيانة من قيمة الوحدة&nbsp;</div>', '2018-01-24 19:07:59', '2018-04-02 05:20:49', 4, 3, 2, '7', 1, '01.jpg', '01', '2018', 'شاليه-دور-ارضي-وحديقة-105م'),
(67, 'شاليه دور أول يمين المدخل 110 م', 'بالم بيتش', 8, '860,000 ج', 0, '110', 2, '<br>', NULL, '<div style=\"direction: rtl;\">شاليه بالدور الأول يمين المدخل مكون من 3 غرف و2 حمام وريسبشن ومطبخ أمريكي</div><div style=\"direction: rtl;\">- في حالة سداد 10% مقدم بقيمة 86,000 ج يتم تقسيط الباقي على 4 سنوات</div><div style=\"direction: rtl;\"><div style=\"direction: rtl;\">- في حالة سداد 15% مقدم بقيمة 129,000 ج يتم تقسيط الباقي على 6 سنوات</div></div><div style=\"direction: rtl;\">- في حالة سداد 20% مقدم بقيمة 172,000 ج يتم تقسيط الباقي على 7 سنوات<br></div><div style=\"direction: rtl;\">- في حالة سداد 30% مقدم بقيمة 258,000 ج يتم تقسيط الباقي على 8 سنوات<br></div><div style=\"direction: rtl;\"><br></div><div style=\"direction: rtl;\">يتم سداد 10% صيانة من قيمة الوحدة&nbsp;</div>', '2018-01-24 19:39:45', '2018-04-02 05:20:49', 4, 3, 2, '7', 1, '04.jpg', '01', '2018', 'شاليه-دور-اول-يمين-المدخل-110م'),
(68, 'شاليه دور أول منتصف المدخل 110 م', 'بالم بيتش', 8, '890,000 ج', 0, '110', 2, '<br>', NULL, '<div style=\"direction: rtl;\">شاليه بالدور الأول منتصف المدخل مكون من 3 غرف و2 حمام وريسبشن ومطبخ أمريكي</div><div style=\"direction: rtl;\">- في حالة سداد 10% مقدم بقيمة 89,000 ج يتم تقسيط الباقي على 4 سنوات</div><div style=\"direction: rtl;\"><div style=\"direction: rtl;\">- في حالة سداد 15% مقدم بقيمة 133,500 ج يتم تقسيط الباقي على 6 سنوات</div></div><div style=\"direction: rtl;\">- في حالة سداد 20% مقدم بقيمة 178,000 ج يتم تقسيط الباقي على 7 سنوات<br></div><div style=\"direction: rtl;\">- في حالة سداد 30% مقدم بقيمة 267,000 ج يتم تقسيط الباقي على 8 سنوات<br></div><div style=\"direction: rtl;\"><br></div><div style=\"direction: rtl;\">يتم سداد 10% صيانة من قيمة الوحدة&nbsp;</div>', '2018-01-24 19:42:43', '2018-04-02 05:20:49', 4, 3, 2, '7', 1, '03.jpg', '01', '2018', 'شاليه-دور-اول-منتصف-المدخل-110م'),
(69, 'شاليه دور ثاني + رووف 110 م', 'بالم بيتش', 8, '970,000 ج', 0, '110', 2, '<br>', NULL, '<div style=\"direction: rtl;\">شاليه بالدور الثاني + رووف مكون من 3 غرف و2 حمام وريسبشن ومطبخ أمريكي</div><div style=\"direction: rtl;\">- في حالة سداد 10% مقدم بقيمة 97,000 ج يتم تقسيط الباقي على 4 سنوات</div><div style=\"direction: rtl;\"><div style=\"direction: rtl;\">- في حالة سداد 15% مقدم بقيمة 145,500 ج يتم تقسيط الباقي على 6 سنوات</div></div><div style=\"direction: rtl;\">- في حالة سداد 20% مقدم بقيمة 194,000 ج يتم تقسيط الباقي على 7 سنوات<br></div><div style=\"direction: rtl;\">- في حالة سداد 30% مقدم بقيمة 291,000 ج يتم تقسيط الباقي على 8 سنوات<br></div><div style=\"direction: rtl;\"><br></div><div style=\"direction: rtl;\">يتم سداد 10% صيانة من قيمة الوحدة&nbsp;</div>', '2018-01-24 19:46:28', '2018-04-02 05:20:49', 4, 3, 2, '7', 1, '02.jpg', '01', '2018', 'شاليه-دور-ثاني-رووف-110م'),
(70, 'شقة 85 م', 'مرسى مطروح', 13, '150,000 ج', 0, '70', 2, '<br>', NULL, '- شقة مساحتها 85 م كاملة التشطيب بأحدث الدهانات المقاومة للحرارة والرطوبة وتتمتع بتصميم معماري جذاب<div>- مدخل البرج فاخر للغاية وله أمن خاص 24 ساعة بالإضافة إلى حديقة خلفية خاصة بالبرج</div><div>- الشقة في برج سما مطروح بتقسيم المدينة وترى البحر الكبير وخليج روميل</div><div>- يتم سداد مقدم 122,500 ج والباقي على 30 شهر وإستلم شقتك بعد سنة</div>', '2018-01-24 20:22:16', '2018-04-02 05:20:49', 4, 2, 2, '13', 1, '1.png', '01', '2018', 'شقة-كاملة-التشطيب-85م'),
(71, 'شقة 120 م', 'القاهرة الجديدة', 7, '1,800,000', 0, '120', 0, '<p class=\"MsoNormal\"><br></p>', NULL, 'مساحة الشقة 120 متر<div>سعر المتر يبدأ من 15000 ج&nbsp;</div><div>بدون مقدم وأقساط تصل إلى 8 سنوات</div>', '2018-01-28 17:35:28', '2018-04-02 05:20:49', 4, 3, 2, '8', 1, '05.jpg', '01', '2018', 'شقة-120م'),
(72, 'شقة 90 م', 'حدائق اكتوبر', 10, '0', 0, '90', 0, '<br>', NULL, 'شقة 90 متر في كومباوند لافونتانا في حدائق أكتوبر بجوار جامعة زويل وبالقرب من مول العرب ومدينة الإنتاج الإعلامي ودريم بارك<div>إدفع 25% مقدم و 25% عند الإستلام والباقي تقسيط على 5 سنوات</div>', '2018-01-30 15:25:15', '2018-04-02 05:20:49', 4, 3, 2, '10', 1, '06.jpg', '01', '2018', 'شقة-لافونتانا-90م'),
(73, 'شقة 150 م', 'السادس من اكتوبر', 4, '585,000', 0, '150', 0, '<br>', NULL, 'شقة 150 متر في التوسعات الشمالية بمدينة 6 اكتوبر&nbsp;<div>إدفع مقدم يبدأ من 35%</div><div>سعر المتر 3900 ج</div>', '2018-01-30 15:46:06', '2018-04-02 05:20:49', 4, 3, 2, '11', 1, '07.jpg', '01', '2018', 'شقة-ليمار-150م'),
(74, 'شقة 170 م', 'العاصمة الإدارية الجديدة', 5, '1,600,000', 0, '170', 0, '<br>', NULL, 'شقة مساحتها 170 متر في كومباوند ميدتاون بالعاصمة الإدارية الجديدة<div>فقط إدفع 10% مقدم وقسط الباقي على 7 سنوات بدون فوائد</div>', '2018-01-30 19:43:27', '2018-04-02 05:20:50', 4, 3, 2, '9', 1, '11.jpg', '01', '2018', 'شقة-ميدتاون-170م'),
(75, 'شقة 210 م', 'العاصمة الإدارية الجديدة', 5, '1,950,000', 0, '210', 0, '<br>', NULL, 'شقة مساحتها 210 متر في كومباوند ميدتاون بالعاصمة الإدارية الجديدة<div>فقط إدفع 10% مقدم وقسط الباقي على 7 سنوات بدون فوائد</div>', '2018-01-31 13:31:53', '2018-04-02 05:20:50', 4, 3, 2, '9', 1, '12.jpg', '01', '2018', 'شقة-ميدتاون-210م'),
(76, 'شقة 250 م', 'العاصمة الإدارية الجديدة', 5, '2,300,000', 0, '250', 0, '<br>', NULL, 'شقة مساحتها 250 متر في كومباوند ميدتاون بالعاصمة الإدارية الجديدة<div>فقط إدفع 10% مقدم وقسط الباقي على 7 سنوات بدون فوائد</div>', '2018-01-31 13:32:02', '2018-04-02 05:20:50', 4, 3, 2, '9', 1, '13.jpg', '01', '2018', 'شقة-ميدتاون-250م'),
(77, 'شقة 90 م', 'السادس من اكتوبر', 4, '830,000', 0, '90', 0, '<br>', NULL, 'شقة مساحتها 90 متر في مدينة Sun Capital يالسادس من أكتوبر&nbsp;<div>- ادفع مقدم 10% وقسط الباقي على أقساط متساوية لمدة 7 سنوات<div>- ادفع مقدم 15% وسدد 50% على أقساط متساوية لمدة 4 سنوات و35% على آخر 4 سنوات&nbsp;</div><div>- ادفع مقدم 20% وسدد 50% على أقساط متساوية لمدة 4 سنوات و30% على آخر 5 سنوات</div><div>- ادفع مقدم 25% وسدد 50% على أقساط متساوية لمدة 4 سنوات و25% على آخر 6 سنوات</div><div>- يتم سداد 10% صيانة حيث يتم سداد 6% منها على أقساط متساوية حتى الإستلام، وسداد 2% بعد عامين من الإستلام، وسداد 2% بعد 5 سنوات من الإستلام</div></div>', '2018-02-05 21:12:09', '2018-04-02 05:20:50', 4, 3, 2, '15', 1, '1200-X-628-2.jpg', '02', '2018', 'شقة-صن-كابيتال-90م'),
(78, 'توين هاوس 280 م', 'السادس من اكتوبر', 4, '8,800', 0, '280', 0, '<br>', NULL, 'توين هاوس مساحتها 280 متر في مدينة Sun Capital يالسادس من أكتوبر&nbsp;<div>- ادفع مقدم 10% وقسط الباقي على أقساط متساوية لمدة 7 سنوات<div>- ادفع مقدم 15% وسدد 50% على أقساط متساوية لمدة 4 سنوات و35% على آخر 4 سنوات&nbsp;</div><div>- ادفع مقدم 20% وسدد 50% على أقساط متساوية لمدة 4 سنوات و30% على آخر 5 سنوات</div><div>- ادفع مقدم 25% وسدد 50% على أقساط متساوية لمدة 4 سنوات و25% على آخر 6 سنوات</div><div>- يتم سداد 10% صيانة حيث يتم سداد 6% منها على أقساط متساوية حتى الإستلام، وسداد 2% بعد عامين من الإستلام، وسداد 2% بعد 5 سنوات من الإستلام</div></div>', '2018-02-08 16:28:44', '2018-04-02 05:20:50', 4, 3, 2, '15', 1, '1200-X-628-1.jpg', '02', '2018', 'توين-هاوس-280م'),
(79, 'فيلا 390 م', 'السادس من اكتوبر', 4, '8,800', 0, '390', 1, '<br>', NULL, 'فيلا مساحات 390 متر و 550 متر في مدينة Sun Capital يالسادس من أكتوبر&nbsp;<div>- ادفع مقدم 10% وقسط الباقي على أقساط متساوية لمدة 7 سنوات<div>- ادفع مقدم 15% وسدد 50% على أقساط متساوية لمدة 4 سنوات و35% على آخر 4 سنوات&nbsp;</div><div>- ادفع مقدم 20% وسدد 50% على أقساط متساوية لمدة 4 سنوات و30% على آخر 5 سنوات</div><div>- ادفع مقدم 25% وسدد 50% على أقساط متساوية لمدة 4 سنوات و25% على آخر 6 سنوات</div><div>- يتم سداد 10% صيانة حيث يتم سداد 6% منها على أقساط متساوية حتى الإستلام، وسداد 2% بعد عامين من الإستلام، وسداد 2% بعد 5 سنوات من الإستلام</div></div>', '2018-02-08 16:39:18', '2018-04-02 05:20:50', 4, 3, 2, '15', 1, '1200-X-628-5.jpg', '02', '2018', 'فيلا-صن-كابيتال-390م'),
(80, 'شقة دور أرضي وحديقة 236 م', 'السادس من أكتوبر', 3, '3,604,680', 0, '236', 0, '<br>', NULL, 'شقة بالدور الأرضي مساحتها 236 متر في كومباوند أكتوبر بلازا بالسادس من أكتوبر<div>مكونة من 3 غرف نوم و 3&nbsp; حمام وحديقة خاصة&nbsp;<br><div>فقط إدفع 10% مقدم وقسط الباقي على 7 سنوات بدون فوائد</div></div>', '2018-03-11 18:24:33', '2018-04-02 05:20:50', 4, 3, 3, '16', 1, 'Unit 01.jpg', '03', '2018', 'شقة-دور-ارضي-وحديقة-236م'),
(81, 'شقة دور أول 224 متر', 'السادس من اكتوبر', 4, '3,155,880', 0, '224', 0, '<br>', NULL, 'شقة بالدور الأول مساحتها 224 متر في كومباوند أكتوبر بلازا بالسادس من أكتوبر<div>مكونة من 3 غرف نوم و 3&nbsp; حمام<br><div>فقط إدفع 10% مقدم وقسط الباقي على 7 سنوات بدون فوائد</div></div>', '2018-03-11 18:28:08', '2018-04-02 05:20:50', 4, 3, 3, '16', 1, 'Unit 02.jpg', '03', '2018', 'شقة-دور-اول-224م'),
(82, 'شقة دور ثاني 199 متر', 'السادس من اكتوبر', 4, '3,378,240', 0, '199', 0, '<br>', NULL, 'شقة بالدور الثاني مساحتها 199 متر في كومباوند أكتوبر بلازا&nbsp;بالسادس من أكتوبر<div>مكونة من 2 غرف نوم و غرفة معيشة<br><div>فقط إدفع 10% مقدم وقسط الباقي على 7 سنوات بدون فوائد</div></div>', '2018-03-11 18:32:37', '2018-04-02 05:20:50', 4, 3, 3, '16', 1, 'Unit 03.jpg', '03', '2018', 'شقة-دور-ثاني-199م'),
(83, 'شقة دور ثالث + رووف 243 م', 'السادس من اكتوبر', 4, '3,652,620', 0, '243', 0, '<br>', NULL, 'شقة بالدور الثالث + رووف مساحتها 243 متر في كومباوند أكتوبر بلازا&nbsp;بالسادس من أكتوبر<div>مكونة من 2 غرفة نوم و غرفة معيشة ورووف&nbsp;&nbsp;<br><div>فقط إدفع 10% مقدم وقسط الباقي على 7 سنوات بدون فوائد</div></div>', '2018-03-11 18:42:35', '2018-04-02 05:20:50', 4, 3, 3, '16', 1, 'Unit 04.jpg', '03', '2018', 'شقة-دور-ثالث-رووف-243م');

--
-- Triggers `buildings`
--
DELIMITER $$
CREATE TRIGGER `buildings_delete_after` AFTER DELETE ON `buildings` FOR EACH ROW BEGIN
UPDATE locations SET building_count=building_count-1 WHERE id=OLD.building_location_id;
END
$$
DELIMITER ;
DELIMITER $$
CREATE TRIGGER `buildings_insert_after` AFTER INSERT ON `buildings` FOR EACH ROW BEGIN
UPDATE locations SET building_count=building_count+1 WHERE id=NEW.building_location_id;
END
$$
DELIMITER ;
DELIMITER $$
CREATE TRIGGER `buildings_update_after` AFTER UPDATE ON `buildings` FOR EACH ROW BEGIN
UPDATE locations SET building_count=building_count+1 WHERE id=NEW.building_location_id;
UPDATE locations SET building_count=building_count-1 WHERE id=OLD.building_location_id;
END
$$
DELIMITER ;

-- --------------------------------------------------------

--
-- Table structure for table `clients`
--

CREATE TABLE `clients` (
  `id` int(11) NOT NULL,
  `image` varchar(2555) CHARACTER SET utf8 COLLATE utf8_unicode_ci NOT NULL,
  `updated_at` timestamp NOT NULL DEFAULT CURRENT_TIMESTAMP ON UPDATE CURRENT_TIMESTAMP,
  `created_at` timestamp NOT NULL DEFAULT '0000-00-00 00:00:00'
) ENGINE=InnoDB DEFAULT CHARSET=latin1;

--
-- Dumping data for table `clients`
--

INSERT INTO `clients` (`id`, `image`, `updated_at`, `created_at`) VALUES
(7, 'partner1.jpg', '2018-04-01 07:41:39', '2018-04-01 07:41:39'),
(8, 'partner2.jpg', '2018-04-01 07:41:39', '2018-04-01 07:41:39'),
(9, 'partner3.jpg', '2018-04-01 07:41:39', '2018-04-01 07:41:39'),
(10, 'partner4.jpg', '2018-04-01 07:41:39', '2018-04-01 07:41:39'),
(11, 'partner5.jpg', '2018-04-01 07:41:39', '2018-04-01 07:41:39');

-- --------------------------------------------------------

--
-- Table structure for table `contact`
--

CREATE TABLE `contact` (
  `id` int(11) NOT NULL,
  `contact_name` varchar(255) DEFAULT NULL,
  `contact_email` varchar(255) DEFAULT NULL,
  `phone` int(12) DEFAULT NULL,
  `sample` varchar(100) DEFAULT NULL,
  `contact_message` text,
  `contact_view` tinyint(4) DEFAULT NULL,
  `contact_type` tinyint(4) DEFAULT NULL,
  `created_at` timestamp NULL DEFAULT NULL,
  `updated_at` timestamp NULL DEFAULT NULL
) ENGINE=InnoDB DEFAULT CHARSET=utf8;

--
-- Dumping data for table `contact`
--

INSERT INTO `contact` (`id`, `contact_name`, `contact_email`, `phone`, `sample`, `contact_message`, `contact_view`, `contact_type`, `created_at`, `updated_at`) VALUES
(1, 'محمد العبادي', 'abady12002@gmail.com', 1099163499, NULL, 'كنت بعت يا فندم من يومين\r\nال CV الخاص بي بوظيفة المسوق العقاري\r\nعلي هذا الايميل \r\nCV@almoasher-realestate.com\r\n\r\nبيتم الرد في خلال أد إيه \r\nولكم جزيل الشكر', NULL, 1, '2018-03-15 14:36:03', '2018-03-15 14:36:03');

-- --------------------------------------------------------

--
-- Table structure for table `home_fetcher_1`
--

CREATE TABLE `home_fetcher_1` (
  `id` int(10) UNSIGNED NOT NULL,
  `icon` varchar(255) COLLATE utf8mb4_unicode_ci NOT NULL,
  `icon_hover` varchar(255) COLLATE utf8mb4_unicode_ci NOT NULL,
  `icon_link` varchar(255) COLLATE utf8mb4_unicode_ci NOT NULL,
  `title` varchar(255) COLLATE utf8mb4_unicode_ci NOT NULL,
  `description` varchar(255) COLLATE utf8mb4_unicode_ci NOT NULL,
  `type` int(11) NOT NULL,
  `created_at` timestamp NULL DEFAULT NULL,
  `updated_at` timestamp NULL DEFAULT NULL
) ENGINE=InnoDB DEFAULT CHARSET=utf8mb4 COLLATE=utf8mb4_unicode_ci;

--
-- Dumping data for table `home_fetcher_1`
--

INSERT INTO `home_fetcher_1` (`id`, `icon`, `icon_hover`, `icon_link`, `title`, `description`, `type`, `created_at`, `updated_at`) VALUES
(1, 'im im-icon-Office', 'For Sale', '#forsale', 'Apartments', 'Aliquam dictum elit vitae mauris facilisis, at dictum urna dignissim donec vel lectus vel felis.', 0, NULL, '2018-04-01 09:36:24'),
(2, 'im im-icon-Home-2', 'For Sale', '#forsale', 'Houses', 'Aliquam dictum elit vitae mauris facilisis, at dictum urna dignissim donec vel lectus vel felis.', 0, NULL, '2018-04-01 09:36:24'),
(3, 'im im-icon-Car-3', 'For Sale', '#forsale', 'Garages', 'Aliquam dictum elit vitae mauris facilisis, at dictum urna dignissim donec vel lectus vel felis.', 0, NULL, '2018-04-01 09:36:24'),
(4, 'im im-icon-Clothing-Store', 'For Sale', '#forsale', 'Commercial', 'Aliquam dictum elit vitae mauris facilisis, at dictum urna dignissim donec vel lectus vel felis.', 0, NULL, '2018-04-01 09:36:24');

-- --------------------------------------------------------

--
-- Table structure for table `home_fetcher_2`
--

CREATE TABLE `home_fetcher_2` (
  `id` int(10) UNSIGNED NOT NULL,
  `type` int(11) NOT NULL,
  `html` text COLLATE utf8mb4_unicode_ci NOT NULL,
  `created_at` timestamp NULL DEFAULT NULL,
  `updated_at` timestamp NULL DEFAULT NULL
) ENGINE=InnoDB DEFAULT CHARSET=utf8mb4 COLLATE=utf8mb4_unicode_ci;

--
-- Dumping data for table `home_fetcher_2`
--

INSERT INTO `home_fetcher_2` (`id`, `type`, `html`, `created_at`, `updated_at`) VALUES
(1, 0, '                 <div class=\"col-md-6 col-sm-12 fadeInLeft wow welcome-pd\" data-wow-delay=\"0.2s\" style=\"visibility: visible; animation-delay: 0.2s; animation-name: fadeInLeft;\">                     <div class=\"welcome-title\">                         <h3 class=\"title-1\">WELCOME TO <span>HAVEN</span></h3>                         <h4 class=\"title-2\">WE ALWAYS PROVIDE PRORITY TO OUR CUSTOMER</h4>                     </div>                     <div class=\"welcome-content\">                         <p> <span>HAVEN</span> is the best theme for  elit, sed do eiusmod tempor dolor sit amet, conse ctetur adipiscing elit, sed do eiusmod tempor incididunt ut labore et lorna aliquatd minimam, quis nostrud exercitation oris nisi ut aliquip ex ea commodo equat. eiusmod tempor dolor sit amet, conse ctetur adipiscing elit</p>                     </div>                     <div class=\"welcome-services\">                         <div class=\"row\">                             <div class=\"col-md-6 col-sm-6 col-xs-12 \">                                 <div class=\"w-single-services\">                                     <div class=\"services-img\">                                         <img src=\"home/images/welcome/icon-1.png\" alt=\"\">                                     </div>                                     <div class=\"services-desc\">                                         <h6>Low Cost</h6>                                         <p>Low cost provides yur best for <br> elit, sed do eiusmod tempe</p>                                     </div>                                 </div>                             </div>                             <div class=\"col-md-6 col-sm-6 col-xs-12 \">                                 <div class=\"w-single-services\">                                     <div class=\"services-img\">                                         <img src=\"home/images/welcome/icon-2.png\" alt=\"\">                                     </div>                                     <div class=\"services-desc\">                                         <h6>Good Marketing </h6>                                         <p>Low cost provides yur best for <br> elit, sed do eiusmod tempe</p>                                     </div>                                 </div>                             </div>                             <div class=\"col-md-6 col-sm-6 col-xs-12 \">                                 <div class=\"w-single-services\">                                     <div class=\"services-img\">                                         <img src=\"home/images/welcome/icon-3.png\" alt=\"\">                                     </div>                                     <div class=\"services-desc\">                                         <h6>Easy to Find</h6>                                         <p>Low cost provides yur best for <br> elit, sed do eiusmod tempe</p>                                     </div>                                 </div>                             </div>                             <div class=\"col-md-6 col-sm-6 col-xs-12 \">                                 <div class=\"w-single-services\">                                     <div class=\"services-img\">                                         <img src=\"home/images/welcome/icon-4.png\" alt=\"\">                                     </div>                                     <div class=\"services-desc\">                                         <h6>Reliable</h6>                                         <p>Low cost provides yur best for <br> elit, sed do eiusmod tempe</p>                                     </div>                                 </div>                             </div>                         </div>                     </div>                 </div>                 <div class=\"col-md-6 col-sm-12 col-xs-12\">                     <div class=\"welcome-haven-img fadeInRight wow\" data-wow-delay=\"0.2s\" style=\"visibility: visible; animation-delay: 0.2s; animation-name: fadeInRight;\">                         <img src=\"home/images/welcome/1.jpg\" alt=\"\">                     </div>                 </div>             ', NULL, NULL);

-- --------------------------------------------------------

--
-- Table structure for table `locations`
--

CREATE TABLE `locations` (
  `id` int(10) UNSIGNED NOT NULL,
  `name` varchar(255) COLLATE utf8mb4_unicode_ci NOT NULL,
  `img_dir` varchar(255) COLLATE utf8mb4_unicode_ci NOT NULL,
  `img` varchar(255) COLLATE utf8mb4_unicode_ci NOT NULL,
  `building_count` int(11) NOT NULL,
  `project_count` int(11) NOT NULL,
  `statues` int(11) NOT NULL DEFAULT '0',
  `created_at` timestamp NULL DEFAULT NULL,
  `updated_at` timestamp NULL DEFAULT NULL
) ENGINE=InnoDB DEFAULT CHARSET=utf8mb4 COLLATE=utf8mb4_unicode_ci;

--
-- Dumping data for table `locations`
--

INSERT INTO `locations` (`id`, `name`, `img_dir`, `img`, `building_count`, `project_count`, `statues`, `created_at`, `updated_at`) VALUES
(1, '6 أكتوبر', '/img/locations/2018/04/02/', 'locations_1724_1522660504.jpg', 3, 4, 0, '2018-04-02 05:09:22', '2018-04-02 07:15:04'),
(2, 'الساحل الشمالي', '/img/locations/2018/04/02/', 'locations_6683_1522660499.jpg', 3, 1, 0, '2018-04-02 05:09:23', '2018-04-02 07:14:59'),
(3, 'السادس من أكتوبر', '/img/locations/2018/04/02/', 'locations_4396_1522660495.jpg', 1, 2, 0, '2018-04-02 05:09:23', '2018-04-02 07:14:55'),
(4, 'السادس من اكتوبر', '/img/locations/2018/04/02/', 'locations_1383_1522660486.jpg', 7, 0, 0, '2018-04-02 05:09:23', '2018-04-02 07:14:46'),
(5, 'العاصمة الإدارية الجديدة', '/img/locations/2018/04/02/', 'locations_9357_1522660488.jpg', 3, 0, 0, '2018-04-02 05:09:23', '2018-04-02 07:14:48'),
(6, 'العاصمة الادارية الجديدة', '/img/locations/2018/04/02/', 'locations_7620_1522660474.jpg', 34, 0, 0, '2018-04-02 05:09:23', '2018-04-02 07:14:34'),
(7, 'القاهرة الجديدة', '/img/locations/2018/04/02/', 'locations_2195_1522660470.jpg', 1, 0, 0, '2018-04-02 05:09:23', '2018-04-02 07:14:30'),
(8, 'بالم بيتش', '/img/locations/2018/04/02/', 'locations_2622_1522660466.jpg', 4, 0, 0, '2018-04-02 05:09:23', '2018-04-02 07:14:26'),
(9, 'حدائق أكتوبر', '/img/locations/2018/04/02/', 'locations_5451_1522660461.jpg', 1, 0, 0, '2018-04-02 05:09:23', '2018-04-02 07:14:21'),
(10, 'حدائق اكتوبر', '/img/locations/2018/04/02/', 'locations_4943_1522660455.jpg', 3, 0, 0, '2018-04-02 05:09:23', '2018-04-02 07:14:15'),
(11, 'مدينة 6 اكتوبر', '/img/locations/2018/04/02/', 'locations_1593_1522660451.jpg', 2, 0, 0, '2018-04-02 05:09:23', '2018-04-02 07:14:11'),
(12, 'مرسى مطرروح', '/img/locations/2018/04/02/', 'locations_9076_1522660446.jpg', 1, 0, 0, '2018-04-02 05:09:23', '2018-04-02 07:14:06'),
(13, 'مرسى مطروح', '/img/locations/2018/04/02/', 'locations_5894_1522660441.jpg', 6, 1, 0, '2018-04-02 05:09:23', '2018-04-02 07:14:01'),
(14, '6 أكتوير', '/img/locations/2018/04/02/', 'locations_2950_1522660434.jpg', 0, 1, 0, '2018-04-02 05:10:23', '2018-04-02 07:13:54'),
(15, 'التجمع الخامس ، على امتداد شارع الثورة , و طريق الدائري القاهرة الجديده ، امام جي دبليو ماريوت.', '/img/locations/2018/04/02/', 'locations_3315_1522660429.jpg', 0, 1, 0, '2018-04-02 05:10:23', '2018-04-02 07:13:49'),
(16, 'التوسعات الشمالية', '/img/locations/2018/04/02/', 'locations_5432_1522660424.jpg', 0, 1, 0, '2018-04-02 05:10:23', '2018-04-02 07:13:44'),
(17, 'العاصمه الإدارية الجديدة', '/img/locations/2018/04/02/', 'locations_6005_1522660417.jpg', 0, 1, 0, '2018-04-02 05:10:23', '2018-04-02 07:13:37'),
(18, 'العين السخنة', '/img/locations/2018/04/02/', 'locations_3828_1522660408.jpg', 0, 1, 0, '2018-04-02 05:10:23', '2018-04-02 07:13:28'),
(19, 'فى قلب العاصمة الادارية الجديدة على بعد 10 دقائق من القاهرة الجديدة', '/img/locations/2018/04/02/', 'locations_1378_1522660374.jpg', 0, 1, 0, '2018-04-02 05:10:23', '2018-04-02 07:12:54'),
(20, 'مرسي مطروح', '/img/locations/2018/04/02/', 'locations_5273_1522660317.jpg', 0, 1, 0, '2018-04-02 05:10:23', '2018-04-02 07:11:58');

-- --------------------------------------------------------

--
-- Table structure for table `migrations`
--

CREATE TABLE `migrations` (
  `id` int(10) UNSIGNED NOT NULL,
  `migration` varchar(255) COLLATE utf8mb4_unicode_ci NOT NULL,
  `batch` int(11) NOT NULL
) ENGINE=InnoDB DEFAULT CHARSET=utf8mb4 COLLATE=utf8mb4_unicode_ci;

--
-- Dumping data for table `migrations`
--

INSERT INTO `migrations` (`id`, `migration`, `batch`) VALUES
(1, '2014_10_12_000000_create_users_table', 1),
(2, '2014_10_12_100000_create_password_resets_table', 1),
(3, '2017_04_07_172457_create_admins_table', 2),
(4, '2017_04_14_113520_create_site_settings_table', 3),
(5, '2017_04_15_114814_create_buildings_table', 4),
(6, '2017_04_15_115757_add_user_id_to_buildings_table', 5),
(7, '2017_04_15_131641_add_rooms_to_buildings_table', 6),
(8, '2017_04_15_212106_add_status_to_buildings_table', 7),
(9, '2017_04_21_213824_add_building_image_to_buildings_table', 8),
(10, '2017_04_25_231909_create_contact_table', 9),
(11, '2018_04_01_095817_create_home_fetcher_1_table', 10),
(12, '2018_04_01_101252_create_home_fetcher_2_table', 11),
(13, '2018_04_01_115143_create_testimonial_table', 12),
(14, '2018_04_02_064514_create_locations_table', 13);

-- --------------------------------------------------------

--
-- Table structure for table `news`
--

CREATE TABLE `news` (
  `id` int(10) UNSIGNED NOT NULL,
  `news_title` varchar(255) COLLATE utf8mb4_unicode_ci NOT NULL,
  `small_description` text COLLATE utf8mb4_unicode_ci NOT NULL,
  `news_description` longtext COLLATE utf8mb4_unicode_ci NOT NULL,
  `created_at` timestamp NULL DEFAULT NULL,
  `updated_at` timestamp NULL DEFAULT NULL,
  `images` varchar(1024) COLLATE utf8mb4_unicode_ci NOT NULL
) ENGINE=InnoDB DEFAULT CHARSET=utf8mb4 COLLATE=utf8mb4_unicode_ci;

--
-- Dumping data for table `news`
--

INSERT INTO `news` (`id`, `news_title`, `small_description`, `news_description`, `created_at`, `updated_at`, `images`) VALUES
(1, 'test', 'test', 'test', '2018-03-20 11:18:40', '2018-03-20 11:18:40', '1.png');

-- --------------------------------------------------------

--
-- Table structure for table `offers`
--

CREATE TABLE `offers` (
  `id` int(10) UNSIGNED NOT NULL,
  `offer_title` varchar(255) COLLATE utf8mb4_unicode_ci NOT NULL,
  `offer_description` longtext COLLATE utf8mb4_unicode_ci NOT NULL,
  `created_at` timestamp NULL DEFAULT NULL,
  `updated_at` timestamp NULL DEFAULT NULL,
  `images` varchar(1024) COLLATE utf8mb4_unicode_ci NOT NULL
) ENGINE=InnoDB DEFAULT CHARSET=utf8mb4 COLLATE=utf8mb4_unicode_ci;

--
-- Dumping data for table `offers`
--

INSERT INTO `offers` (`id`, `offer_title`, `offer_description`, `created_at`, `updated_at`, `images`) VALUES
(6, 'شاليهك دلوقتى بـمرسى مطروح بـ  2000 فقط', 'دلوقتى ومع المؤشر للتطوير العقارى تقدر تستلم شاليهك دلوقتى فى مرسى مطروح بمنطقة الابيض بقرية&nbsp;سيلينا&nbsp;<div><br><div><b><span style=\"color: inherit;\">ادفع 50 ألف مقدم&nbsp;</span><br></b></div><div><h1 style=\"margin-top: 0px; margin-bottom: 5px; border: none; padding-bottom: 0px;\"><div style=\"\"><span style=\"font-size: 14px;\">50 ألف بعد سنة&nbsp;</span></div><div style=\"\"><span style=\"font-size: 14px;\">50 ألف عند الإستلام&nbsp;</span></div><div style=\"\"><span style=\"font-size: 14px;\">50 ألف بعد الإستلام بسنة</span></div><div style=\"\"><span style=\"font-size: 14px; color: inherit;\">بدون أقساط شهرية - بدون فوائد</span><br></div></h1></div></div>', '2018-01-08 16:58:27', '2018-01-08 16:58:27', '1399-7.jpg');

-- --------------------------------------------------------

--
-- Table structure for table `password_resets`
--

CREATE TABLE `password_resets` (
  `email` varchar(255) COLLATE utf8mb4_unicode_ci NOT NULL,
  `token` varchar(255) COLLATE utf8mb4_unicode_ci NOT NULL,
  `created_at` timestamp NULL DEFAULT NULL
) ENGINE=InnoDB DEFAULT CHARSET=utf8mb4 COLLATE=utf8mb4_unicode_ci;

-- --------------------------------------------------------

--
-- Table structure for table `projects`
--

CREATE TABLE `projects` (
  `id` int(10) UNSIGNED NOT NULL,
  `project_location` varchar(255) COLLATE utf8mb4_unicode_ci DEFAULT NULL,
  `project_location_id` int(11) NOT NULL,
  `project_name` varchar(255) COLLATE utf8mb4_unicode_ci DEFAULT NULL,
  `project_area` varchar(255) COLLATE utf8mb4_unicode_ci DEFAULT NULL,
  `project_features` text COLLATE utf8mb4_unicode_ci,
  `project_small_description` varchar(255) COLLATE utf8mb4_unicode_ci DEFAULT NULL,
  `project_meta` varchar(255) COLLATE utf8mb4_unicode_ci DEFAULT NULL,
  `project_large_description` longtext COLLATE utf8mb4_unicode_ci,
  `project_status` int(10) DEFAULT NULL,
  `garage` int(10) DEFAULT NULL,
  `created_at` timestamp NULL DEFAULT NULL,
  `updated_at` timestamp NULL DEFAULT NULL,
  `floors` int(11) DEFAULT NULL,
  `images` varchar(1024) COLLATE utf8mb4_unicode_ci DEFAULT NULL,
  `pay_methods` varchar(1000) COLLATE utf8mb4_unicode_ci DEFAULT NULL,
  `lat` float(10,6) DEFAULT NULL,
  `lng` float(10,6) DEFAULT NULL,
  `featured_project` int(10) DEFAULT NULL,
  `nameurl` varchar(50) COLLATE utf8mb4_unicode_ci NOT NULL
) ENGINE=InnoDB DEFAULT CHARSET=utf8mb4 COLLATE=utf8mb4_unicode_ci;

--
-- Dumping data for table `projects`
--

INSERT INTO `projects` (`id`, `project_location`, `project_location_id`, `project_name`, `project_area`, `project_features`, `project_small_description`, `project_meta`, `project_large_description`, `project_status`, `garage`, `created_at`, `updated_at`, `floors`, `images`, `pay_methods`, `lat`, `lng`, `featured_project`, `nameurl`) VALUES
(3, '6 أكتوبر', 1, 'مشروع الشماليات أكتوبر - El Shamalya', NULL, 'بالقرب من مول مصر - مول العرب|تشطيب سوبر لوكس|واجهة بالحجر الطبيعى|مداخل رخامية فاخرة|مدارس|مستشفيات|منطقة تجارية|مسارح وسينما|مساجد', '<br>', NULL, '<div style=\"text-align: center;\">إستمتع بحياتك في حي الشماليات 2000 بأكتوبر .</div><div style=\"text-align: center;\"><br></div><div style=\"text-align: center;\">يمكنك الآن أن تنعم بالرفاهية بإقامتك في مشروع الشماليات 2000 بمدينة 6 أكتوبر بعد مول العرب بـ 5 دقائق وبالقرب من مول مصر.</div><div style=\"text-align: center;\"><br></div><div style=\"text-align: center;\">مدخل الكومبوند عند نادي الصيد ومحاط بأكثر من كومبوند مثل ماونتن فيو وجرين هايتس وبورتو أكتوبر وجاردن هيلز.</div><div style=\"text-align: center;\"><br></div><div style=\"text-align: center;\">الكومبوند به جميع الخدمات والمرافق \"مدارس - المستشفيات - منطقة تجارية - مسارح - سينما -مساجد \"</div><div style=\"text-align: center;\"><br></div><div style=\"text-align: center;\">&nbsp;واجهة العقارات تم تشطيبها سوبر لوكس بالحجر الطبيعي بالإضافة إلى مداخل رخامية فاخرة.</div><div style=\"text-align: center;\"><br></div><div style=\"text-align: center;\">سعر المتر يبدأ من 3500 ج، وتوجد شقق دوبلكس بمساحات 290م و 350م وسعر المتر يبدأ من 2750ج.<br></div><div style=\"text-align: center;\"><br></div><div style=\"text-align: center;\">جميع الوحدات نصف تشطيب، بعضها سيتم تسليمه هذا العام ووحدات اخرى في 2018</div><div style=\"text-align: center;\"><br></div><div style=\"text-align: center;\">إنتهز الفرصة الآن فالعدد محدود للغاية !!</div><div style=\"text-align: center;\"><br></div>', 1, 1, '2017-12-10 14:39:20', '2018-04-02 05:18:16', NULL, '1.jpg', 'فيلات سعر المتر يبدأ من 3500.<br><div><div><br></div><div>شقق دوبلكس بمساحات 290م و 350م وسعر المتر يبدأ من 2750ج.</div></div><div><br></div>', 29.928543, 30.918783, 1, '6-اكتوبر-مشروع-التوسعات-الشمالية'),
(4, '6 أكتوبر', 1, 'كييف ا Keev', 'المساحات بتبدى من 90 م لـــــحـــد 180 م', 'مول تجاري|مطاعم وكافيهات|مساحات خضراء|مدارس و مستشفيات', '<br>', NULL, '<p align=\"right\" style=\"margin: 0in 0in 4.5pt; text-align: right; background-image: initial; background-position: initial; background-size: initial; background-repeat: initial; background-attachment: initial; background-origin: initial; background-clip: initial;\"><b><span lang=\"AR-SA\" dir=\"RTL\" style=\"font-size:11.0pt;font-family:\" calibri\",\"sans-serif\";color:#1d2129\"=\"\">شقتك\r\nلما تيجى تختارها لازم تركز على شوية حاجات من اهمها المكان</span></b><span dir=\"LTR\"></span><span dir=\"LTR\"></span><span class=\"apple-converted-space\"><b><span style=\"font-size:11.0pt;font-family:\" calibri\",\"sans-serif\";color:#1d2129\"=\"\"><span dir=\"LTR\"></span><span dir=\"LTR\"></span>&nbsp;</span></b></span><b><span style=\"font-size:11.0pt;font-family:\" calibri\",\"sans-serif\";color:#1d2129\"=\"\"><br>\r\n<span lang=\"AR-SA\" dir=\"RTL\">فى كمبوند</span><span dir=\"LTR\"></span><span dir=\"LTR\"></span><span dir=\"LTR\"></span><span dir=\"LTR\"></span> keev <span lang=\"AR-SA\" dir=\"RTL\">فى حدايق\r\nاكتوبر انت هتكون فى مكان مميز جدا هتكون على بعد 10 دقايق من ميدان الرمايه و 10\r\nدقايق من الدائرى ده غير انك هتكون جمب منطقة الخدمات 1 و 2 مباشرة اللى بتتكون من\r\n( مول تجاري - مطاعم وكافيهات - مساحات خضراء - مدارس - مستشفيات - أمن وحراسة</span><span dir=\"LTR\"></span><span dir=\"LTR\"></span><span dir=\"LTR\"></span><span dir=\"LTR\"></span>\r\n)<o:p></o:p></span></b></p><p class=\"MsoNormal\" dir=\"RTL\" style=\"text-align:right;direction:rtl;unicode-bidi:\r\nembed\"><b><span dir=\"LTR\" style=\"font-size:14.0pt;line-height:115%;\r\nmso-ascii-font-family:Calibri;mso-hansi-font-family:Calibri;mso-bidi-font-family:\r\nCalibri\"><o:p></o:p></span></b></p><p class=\"MsoNormal\" dir=\"RTL\" style=\"text-align:right;direction:rtl;unicode-bidi:\r\nembed\"><b><span dir=\"LTR\" style=\"font-size:14.0pt;line-height:115%;\r\nmso-ascii-font-family:Calibri;mso-hansi-font-family:Calibri;mso-bidi-font-family:\r\nCalibri\"><o:p></o:p></span></b></p>', 0, 1, '2017-12-18 17:19:03', '2018-04-02 05:18:16', 3, '3.jpg', '<b style=\"text-align: right;\"><span style=\"font-family: Calibri, sans-serif; font-size: 11pt; line-height: 16.8667px; color: rgb(29, 33, 41); background-image: initial; background-position: initial; background-size: initial; background-repeat: initial; background-attachment: initial; background-origin: initial; background-clip: initial;\"><span class=\"textexposedshow\"><span lang=\"AR-SA\" dir=\"RTL\">سعر المتر يبدا فيها من 42000ج ،،</span></span></span></b><b style=\"text-align: right;\"><span lang=\"AR-SA\" style=\"font-size: 12pt; line-height: 18.4px; color: rgb(29, 33, 41); background-image: initial; background-position: initial; background-size: initial; background-repeat: initial; background-attachment: initial; background-origin: initial; background-clip: initial;\">&nbsp;اختار المساحة اللى تناسبك و ادفع مقدم 20 % و قسط على 6 سنين</span></b><span dir=\"LTR\" style=\"text-align: right;\"></span><span dir=\"LTR\" style=\"text-align: right;\"></span>', 29.928543, 30.918783, 1, 'حدائق-اكتوبر-كييف-كمباوند'),
(5, 'فى قلب العاصمة الادارية الجديدة على بعد 10 دقائق من القاهرة الجديدة', 19, 'إل بوسكو ا il bosco', '200 فدان', 'النهر الأخضر|مطار العاصمة الدولى|مركز المؤتمرات|القصر الرئاسى|نادى رياضى|منطقة تجارية|سنترال بارك|مراكز اجتماعية', '<br>', NULL, '<span id=\"docs-internal-guid-7d5698d9-695d-6070-f87f-d4377867db46\" style=\"font-size: 14.6667px; white-space: pre-wrap;\"><font color=\"#313131\" face=\"Calibri\"><p dir=\"ltr\" style=\"direction: rtl; line-height: 1.38; margin-top: 0pt; margin-bottom: 11.25pt;\">مشروع إل بوسكو&nbsp; IL Bosco هو أحدث المشاريع السكنية في العاصمة الإدارية الجديدة والذي يقوم بإطلاقه إحدى أكبر الشركات المصرية الرائدة فى مجال التطوير العقارى وهى “مجموعة مصر إيطاليا” والتى قامت بتطوير مشاريع مختلفة بالقاهرة والساحل الشمالى والعين السخنة.</p><p dir=\"ltr\" style=\"direction: rtl; line-height: 1.38; margin-top: 0pt; margin-bottom: 11.25pt;\">يتميز مشروع إل بوسكو IL Bosco بمساحتة الواسعة حيث يمتد المشروع على مساحة 200 فدان&nbsp; في قلب العاصمة الإدارية الجديدة؛ التى تقع على حدود مدينة بدر فى المنطقة المحصورة بين طريقى القاهرة/السويس والقاهرة/العين السخنة، شرق الطريق الدائرى الإقليمى مباشرةً بعد القاهرة الجديدة ومشروعى مدينتى ومدينة المستقبل فتبعد العاصمة الإدارية مسافة 60 كيلو متر فقط عن قلب القاهرة.<br></p></font></span>', 0, 1, '2017-12-18 17:34:18', '2018-04-02 05:18:16', 3, '2.jpg', '<span id=\"docs-internal-guid-7d5698d9-6961-0b08-6d6a-aebfe2df6ae3\"><p dir=\"ltr\" style=\"direction: rtl; line-height: 1.38; margin-top: 0pt; margin-bottom: 11.25pt;\"><font color=\"#313131\" face=\"Calibri\"><span style=\"font-size: 14.6667px; white-space: pre-wrap;\">اقل سعر متر في العاصمة الأدارية حيث يبدا من&nbsp; 9000 جنية مصري للمتر بــ 10% دفعة تعاقد و تقسيط علي 9&nbsp; سنوات</span></font><br></p><div><span style=\"font-size: 11pt; font-family: Calibri; color: rgb(49, 49, 49); background-color: transparent; font-weight: 700; font-variant-numeric: normal; font-variant-east-asian: normal; vertical-align: baseline; white-space: pre-wrap;\"></span></div></span>', 30.062975, 31.337227, 1, 'العاصمة-الادارية-الجديدة-البوسكو-كمباوند'),
(6, 'الساحل الشمالي', 2, 'لاسيرينا ا lasarina', '53 فدان', 'أكوا بارك|النوادى الصحيه و الجيم و السبا و الجاكوزى|مسرح روماني مول|مساجد و مستشفيات|بحيرات صناعيه|فندق 4نجوم|سينمات و منطقه العاب للأطفال', '<br>', NULL, '<span id=\"docs-internal-guid-8e18d9f6-6969-0386-4d73-97319d8cea9a\"><p dir=\"rtl\" style=\"line-height:1.3800000000000001;margin-top:0pt;margin-bottom:10pt;text-align: right;\"><font color=\"#000000\" face=\"Calibri\"><span style=\"font-size: 18.6667px; white-space: pre-wrap;\"><b>تملك الآن وحدة في الساحل الشمالي وعيش حياتك&nbsp;</b></span></font></p><p dir=\"rtl\" style=\"line-height:1.3800000000000001;margin-top:0pt;margin-bottom:10pt;text-align: right;\"><font color=\"#000000\" face=\"Calibri\"><span style=\"font-size: 18.6667px; white-space: pre-wrap;\"><b>في لاسيرينا الساحل الشمالي حيث المياه الزرقاء الدافئة والرمال الذهبية الناعمة والمناخ الرائع والبحيرات الطبيعية.</b></span></font></p><p dir=\"rtl\" style=\"line-height:1.3800000000000001;margin-top:0pt;margin-bottom:10pt;text-align: right;\"><font color=\"#000000\" face=\"Calibri\"><span style=\"font-size: 18.6667px; white-space: pre-wrap;\"><b>إبتعد عن كابوس الزحمة في لاسيرينا الساحل الشمالي لتميزها بالهدوء والجمال الطبيعي والرقي والرفاهية</b></span></font></p><p dir=\"rtl\" style=\"line-height:1.3800000000000001;margin-top:0pt;margin-bottom:10pt;text-align: right;\"><font color=\"#000000\" face=\"Calibri\"><span style=\"font-size: 18.6667px; white-space: pre-wrap;\"><b>وهتلاقي مساحات خضراء وشواطيء رملية ناعمة ومياه ضحلة وصافية على البحر الابيض المتوسط ، ومتوفرة جميع الخدمات (أكوا بارك – حمام سباحة مغطى للسيدات – فودكورت – مسرح روماني مول – مسجد)</b></span></font></p><div><span style=\"font-size: 14pt; font-family: Calibri; color: rgb(0, 0, 0); background-color: transparent; font-weight: 700; font-variant-numeric: normal; font-variant-east-asian: normal; vertical-align: baseline; white-space: pre-wrap;\"><br></span></div></span>', 2, 1, '2017-12-18 17:46:00', '2018-04-02 05:18:17', 3, '5.jpg', '<span id=\"docs-internal-guid-8e18d9f6-696f-9f43-b8ef-ea29e4981e0b\"><p dir=\"rtl\" style=\"line-height:1.3800000000000001;margin-top:0pt;margin-bottom:10pt;text-align: right;\"><font color=\"#000000\" face=\"Calibri\"><span style=\"font-size: 18.6667px; white-space: pre-wrap;\"><b>مقدم يبدأ من 10% فقط (حسب الوحدة) وإمكانية تقسيط الباقي حتى 7 سنوات (حسب المقدم) ،، سوف تستلم وحدتك في خلال 3 أو 4 سنوات</b></span></font><br></p></span>', 31.079218, 28.377785, 1, 'الساحل-الشمالى-لاسيرينا-كمباوند'),
(7, 'العين السخنة', 18, 'لاسيرينا بالم بيتش Lasarina palm beach I', 'يقع المشروع على بعد 14 كم من بوابات العين السخنة على خليج السويس مباشرة', 'رؤية مباشرة للبحر|أكوا بارك|ملاعب و تراك دراجات|سبا و حمامات سباحة|مول تجارى', '<br>', NULL, '<p class=\"MsoNormal\" align=\"right\" style=\"text-align:right\"><span lang=\"AR-SA\" dir=\"RTL\" style=\"font-family:&quot;Tahoma&quot;,sans-serif\">على بعد دقائق من القاهرة و علي شواطئ\r\nالبحر الأحمر تقدم لك مجموعة لاسيرينا مفهوم جديد عن الرفاهية ، لاسيرينا بالم بيتش\r\nالعين السخنة هي الإختيار الأفضل لمن يرغبون فى قضاء وقت مميز وهادئ. استمتع بأفضل\r\nالشاليهات و الشواطئ الرملية فى العين السخنة وطبيعة البحر الأحمر الخلابة وحمامات\r\nالسباحة والمنتجع الصحى والكثير من الأنشطة المميزة والمناسبة لكل الأعمار ، إذا كنت\r\nتبحث عن شاليهات فى قرى سياحية بالعين السخنه، لاسيرينا بالم بيتش هى المكان المناسب\r\nاحجز شاليهك الآن فى أفضل قرى السخنة<o:p></o:p></span></p>', 0, 1, '2017-12-18 17:54:53', '2018-04-02 05:18:17', 3, '6.jpg', '<span id=\"docs-internal-guid-1e8f70a0-6977-1025-7925-ac3131359246\"><p class=\"MsoNormal\" dir=\"RTL\" style=\"text-align:right;direction:rtl;unicode-bidi:\r\nembed\"><span lang=\"AR-SA\" style=\"font-family:&quot;Tahoma&quot;,sans-serif\">مقدم يبدأ من 5%\r\nفقط (حسب الوحدة) وإمكانية تقسيط الباقي حتى 100 شهر (حسب المقدم) ، سوف تستلم وحدتك\r\nفي خلال 3 أو 4 سنوات<o:p></o:p></span></p></span>', 29.750946, 32.398479, 1, 'العين-السخنة-منتجع-لاسيرينا-بالم-بيتش'),
(8, 'التجمع الخامس ، على امتداد شارع الثورة , و طريق الدائري القاهرة الجديده ، امام جي دبليو ماريوت.', 15, 'تاج سيتي Taj city I', 'مساحات الشقق تبدأ من 120 م والفيلات تبدأ من 246 م .', 'أرقى المستشفيات|المدارس الدولية|النوادي الرياضية|المولات التجارية', NULL, NULL, 'كومباوند تاج سيتي القاهرة الجديدة هو أحدث مكان مخصص للأشخاص الذين يحبون العيش الرغيد في مجتمع أمن محاط بسور<div>الكومباوند يقع في قلب واحد من المجتمعات الرئيسية المهمة بالقاهرة الجديدة \"بحيث يمكنك الهروب من كل ما يزعجك\"</div><div>تاج سيتي بمثابة مكان جذاب للإقامة في أفخم الوحدات السكنية والمناطق التجارية، ويوجد بها فندق من الطراز العالمي، ومركز قطاع تجاري، بالإضافة للمرافق الطبية والمدرسة الدولية</div><div>صممت تاج سيتي لتظهر وكأنك تذهب إلى وجهة ثقافية عالمية، فهي ستستضيف عجلة الثقافة، ويوجد بها أيضاً معرض معرض مركزي داخلي وخارجي في الهواء الطلق، بالإضافة إلى العروض الأوبرالية العالمية</div>', 0, 1, '2017-12-18 18:04:43', '2018-04-02 05:18:17', 3, '10.jpg', 'سعر المتر يبدأ من 15,000 ج، بدون مقدم وأقساط تصل إلى 8 سنوات', 30.008488, 31.428476, 1, 'القاهرة-الجديدة-التجمع-الخامس-تاج-سيتى-كمباوند'),
(9, 'العاصمه الإدارية الجديدة', 17, 'ميدتاون MIdtown I', '53 فدان ، مساحة المباني 40% .', 'club House|بحيرات صناعية|3 مولات تجارية|كاميرات مراقبة|أمن و حراسة|خدمات صيانة', '<br>', NULL, '<div>- كومباوند ميدتاون العاصمة الإدارية الجديدة أول كومباوند راقي متكامل الخدمات&nbsp; على مساحة 50 فدان فيلات فقط</div><div>- فيلات (16 وحدة) وتاون هاوس (310 وحدة) وتوين هاوس (62 وحدة)&nbsp;</div><div>- تسليم الوحدات في ميد تاون العاصمة الإدارية الجديدة بعد 3 سنوات فقط كامل الخدمات، تسهيلات كبيرة وطرق سداد مختلفة</div><div>- أسعار الوحدات في ميد تاون العاصمة الإدارية الجديدة تعتبر فرصة رائعة للإستثمار</div>', 0, 1, '2017-12-18 18:13:32', '2018-04-02 05:18:17', 3, '9.jpg', '<font color=\"#555555\" face=\"Arial\"><span style=\"font-size: 22px; white-space: pre-wrap;\">مقدم 10% والباقي على 6 سنوات</span></font>', 30.022354, 31.691006, 1, 'العاصمة-الادارية-الجديدة-ميدتاون-كمباوند'),
(10, '6 أكتوير', 14, 'لافونتانا la-fontana I', 'مساحات تبدأ من 90م حتى 180م.', 'القرب من مول مصر|مول تجاري|مدارس و مستشفيات|مجمع ملاعب|جيم و سبا|دور سينما', '<br>', NULL, '<span id=\"docs-internal-guid-71c564f3-6990-73e9-054a-d99b2507cfe6\"><span style=\"background-color: transparent; font-family: Calibri; font-size: 11pt; white-space: pre-wrap; color: rgb(0, 0, 0);\">كمباوند لافونتانا يتمتع بموقع مميز وفريد من افضل مواقع &nbsp;أكتوبر بمنطقة حدائق أكتوبر بجوار جامعة زوويل ومدينة الانتاج الاعلامى بالقرب من مول مصر ودريم بارك وعلى بعد &nbsp;دقائق من ميدان الرماية .</span><br><span style=\"background-color: transparent; font-family: Calibri; font-size: 11pt; white-space: pre-wrap; color: rgb(0, 0, 0);\">بيوفرلك كافة المساحات من شقق وفيلات وبنت هاوس لملائمة كافة احتياجاتك انت وأسرتك.</span><br><span style=\"background-color: transparent; font-family: Calibri; font-size: 11pt; white-space: pre-wrap; color: rgb(0, 0, 0);\">كمباوند متكامل الخدمات ليوفر لك أعلى سبل الامان والرفاهية .</span><br></span>', 0, 1, '2017-12-18 18:30:38', '2018-04-02 05:18:17', 3, '4.jpg', '<span id=\"docs-internal-guid-c6e73990-6995-04b7-60c1-5d57d7e56512\"><span style=\"background-color: transparent; font-family: Calibri; font-size: 11pt; white-space: pre-wrap; color: rgb(0, 0, 0);\">25% مقدم و 25% استلام والباقي على 5 سنوات ، </span></span><span id=\"docs-internal-guid-c6e73990-6995-31b9-fc7a-95ecf115495b\"><span style=\"background-color: transparent; font-family: Calibri; font-size: 11pt; white-space: pre-wrap; color: rgb(0, 0, 0);\">إستلام خلال سنتين.</span><br></span>', 29.928543, 30.918783, 1, '6-اكتوبر-لافونتانا-كمباوند'),
(11, 'التوسعات الشمالية', 16, 'ليمار lemar I', 'مساحات تبدأ من ١٥٠ متر وحتي ٣٠٠ متر وفيلات دوبليكس بمدخل وحديقة وجراج خاص .', 'مساحات خضراء واسعة|مدارس دولية|ملاعب وأندية إجتماعية', '<span id=\"docs-internal-guid-58516aa2-699c-764b-9aee-e4c0f9e02524\"><p dir=\"rtl\" style=\"line-height:1.3800000000000001;margin-top:0pt;margin-bottom:10pt;text-align: right;\"><br></p></span>', NULL, '<p dir=\"rtl\" style=\"margin-top: 0pt; margin-bottom: 10pt; line-height: 1.38; text-align: right;\"><span style=\"font-family: Arial; font-size: 10.5pt; color: rgb(0, 0, 0); font-weight: 700; font-variant-numeric: normal; font-variant-east-asian: normal; vertical-align: baseline; white-space: pre-wrap;\">عيش الرفاهية بأرقي مناطق بالتوسعات الشمالية </span></p><p dir=\"rtl\" style=\"margin-top: 0pt; margin-bottom: 10pt; line-height: 1.38; text-align: right;\"><span style=\"font-family: Arial; font-size: 10.5pt; color: rgb(0, 0, 0); font-weight: 700; font-variant-numeric: normal; font-variant-east-asian: normal; vertical-align: baseline; white-space: pre-wrap;\">بجوار النادي الرياضي ومناطق الخدمات .. دوبليكس بمساحات تبدأ من 277 متر بمدخل وحديقة خاصة وشقق بمساحات تبدأ من </span></p><p dir=\"rtl\" style=\"margin-top: 0pt; margin-bottom: 10pt; line-height: 1.38; text-align: right;\"><span style=\"font-family: Arial; font-size: 10.5pt; color: rgb(0, 0, 0); font-weight: 700; font-variant-numeric: normal; font-variant-east-asian: normal; vertical-align: baseline; white-space: pre-wrap;\">بجوار ماونتن فيو وبورتو أكتوبر.</span></p><div><span style=\"font-family: Arial; font-size: 10.5pt; color: rgb(0, 0, 0); font-weight: 700; font-variant-numeric: normal; font-variant-east-asian: normal; vertical-align: baseline; white-space: pre-wrap;\"><br></span></div>', 0, 1, '2017-12-18 18:37:37', '2018-04-02 05:18:17', 3, '7.jpg', '<span id=\"docs-internal-guid-58516aa2-699e-57f1-4da0-f91fa74cf2c7\"><p dir=\"rtl\" style=\"line-height:1.3800000000000001;margin-top:0pt;margin-bottom:10pt;text-align: right;\"><span style=\"font-size: 10.5pt; font-family: Arial; color: rgb(0, 0, 0); font-weight: 700; font-variant-numeric: normal; font-variant-east-asian: normal; vertical-align: baseline; white-space: pre-wrap;\">سعر المتر يبدأ من 3000 ج .. فقط إدفع 25% مقدم وقسط الباقي على 40 شهر .</span></p></span>', 29.993069, 30.933491, 1, '6-اكتوبر-ليمار-كمباوند'),
(12, '6 أكتوبر', 1, 'إمرالد Emerald I', 'المشروع عبارة عن 60 عماره علي 2 نموذج من العمارات السكنية بمساحة وحدات 150م٢', 'مول تجارى|مستشفى|حضانة|مركز ترفيهى', '<br>', NULL, '<span id=\"docs-internal-guid-e52d113f-69a5-6126-b0c5-a18a108922b2\"><span style=\"font-family: \" quattrocento=\"\" sans\";=\"\" font-size:=\"\" 18pt;=\"\" color:=\"\" rgb(0,=\"\" 0,=\"\" 0);=\"\" background-color:=\"\" transparent;=\"\" font-variant-numeric:=\"\" normal;=\"\" font-variant-east-asian:=\"\" vertical-align:=\"\" baseline;=\"\" white-space:=\"\" pre-wrap;\"=\"\">إيمرالد سيتي كومباوند عمارات على أعلى مستوى من الراحة والرفاهية في قلب أكتوبر بهدف بناء حياة جديدة هادئة وراقية لك ولعائلتك ولمستقبلك حيث تتميز بأعلى درجات الرقي ... ويتكون المشروع من 60 عماره علي 2 نموذج من العمارات السكنية بمساحة وحدات 150م٢ مقسمه علي 3 غرف و 2 حمام و رسيبشن.</span></span><br><div><span id=\"docs-internal-guid-e52d113f-69a6-44ad-81e6-4dd63808287f\"><p dir=\"rtl\" style=\"margin-top: 0pt; margin-bottom: 7.5pt; line-height: 1.38; text-align: justify;\"><span style=\"font-family: \" quattrocento=\"\" sans\";=\"\" font-size:=\"\" 18pt;=\"\" color:=\"\" rgb(0,=\"\" 0,=\"\" 0);=\"\" background-color:=\"\" transparent;=\"\" font-variant-numeric:=\"\" normal;=\"\" font-variant-east-asian:=\"\" vertical-align:=\"\" baseline;=\"\" white-space:=\"\" pre-wrap;\"=\"\">و تتميز العمارات بمداخل فاخرة وجراجات وأطلالات متميزة جدا على مساحات خضراء و التى تجعل الحياة داخل ايمرالد سيتي مزيج من الراحة والرفاهية.</span></p></span></div>', 0, 1, '2017-12-18 19:28:38', '2018-04-02 05:18:17', 3, '11.jpg', '<span id=\"docs-internal-guid-e52d113f-69a7-eb08-b39d-f0ddca792e54\"><span style=\"font-size: 18pt; font-family: \" quattrocento=\"\" sans\";=\"\" color:=\"\" rgb(0,=\"\" 0,=\"\" 0);=\"\" background-color:=\"\" transparent;=\"\" font-variant-numeric:=\"\" normal;=\"\" font-variant-east-asian:=\"\" vertical-align:=\"\" baseline;=\"\" white-space:=\"\" pre-wrap;\"=\"\">أسعار تبدأ من 570,000 جنيه مع إمكانيه التقسيط حتي 6 سنوات و دفعة حجز تبدأ من 10% مع وجود أنظمه سداد مختلفه&nbsp;</span><span style=\"font-size: 18pt; font-family: \" quattrocento=\"\" sans\";=\"\" color:=\"\" rgb(0,=\"\" 0,=\"\" 0);=\"\" background-color:=\"\" transparent;=\"\" font-variant-numeric:=\"\" normal;=\"\" font-variant-east-asian:=\"\" vertical-align:=\"\" baseline;=\"\" white-space:=\"\" pre-wrap;\"=\"\"><br class=\"kix-line-break\"></span></span>', 29.928543, 30.918783, 1, '6-اكتوبر-اميرالد-كمباوند'),
(13, 'مرسي مطروح', 20, 'مرسى مطروح كمباوند سيلينا 1', 'مساحات تبدأ من 90 م الي 200 م', 'مدارس|مول تجارى|مستشفيات|تشطيب سوبر لوكس|استلام خلال سنة', '<br>', NULL, '<span id=\"docs-internal-guid-a58df231-69df-3592-2052-3390590c7884\"><p dir=\"rtl\" style=\"text-align: center; line-height: 1.2; margin-top: 0pt; margin-bottom: 0pt; background-color: rgb(255, 255, 255);\">لكل مكان محبين له لكن مدينة مرسى مطروح لها عشاق وخاصةً لرمالها البيضاء الناعمة فلها مذاقها الخاص&nbsp;<br>&nbsp;<br>مهما كان حلمك .. إنها فرصتك الآن لتمتلك قطعة من هذه المدينة السياحية الساحرة <span style=\"background-color: transparent; font-size: 10pt; font-family: Tahoma; color: rgb(34, 34, 34); font-variant-numeric: normal; font-variant-east-asian: normal; vertical-align: baseline; white-space: pre-wrap;\"> </span><br>&nbsp;<br>لدينا أراضي قريبة من البحر شمال طريق عجيبة منطقة الأبيض وعلى بعد 10 م من الطريق .. بمساحات تبدأ من 150 م بأسعار تبدأ من 220 ج للمتر ..&nbsp;<br><font color=\"#222222\"><span style=\"font-size: 13.3333px; white-space: pre-wrap;\"><br></span></font>فقط إدفع مقدم 40% والباقي على 3 سنوات بدون فوائد<br>&nbsp;<br>ولدينا شاليهات بأعداد محدودة بشاطئ بلو بيتش متكامل الخدمات بجوار فندق الأبيض التابع للقوات المسلحة ..&nbsp;<br><font color=\"#222222\"><span style=\"font-size: 13.3333px; white-space: pre-wrap;\"><br></span></font>بمساحات تبدأ من 55 م .. فقط إدفع مقدم 25% والباقي على 4 سنوات بدون فوائد وسوف تستلم الشاليه تشطيب سوبر لوكس بعد سنة<br>&nbsp;<br>ولدينا شقق مساحتها 85 م كاملة التشطيب بأحدث الدهانات المقاومة للحرارة والرطوبة وتتمتع بتصميم معماري جذاب .. مدخل البرج فاخر للغاية وله أمن خاص 24 ساعة بالإضافة إلى حديقة خلفية خاصة بالبرج .. الشقق في برج سما مطروح بتقسيم المدينة وترى البحر الكبير وخليج روميل ..&nbsp;<br><font color=\"#222222\"><span style=\"font-size: 13.3333px; white-space: pre-wrap;\"><br></span></font>فقط إدفع 122,500 ج والباقي على 30 شهر وإستلم شقتك بعد سنة<br>&nbsp;<br>سارع الآن بإنتهاز فرصة الإقامة في مرسى مطروح وإستمتع بحياتك هناك ..<br></p><p dir=\"rtl\" style=\"line-height: 1.2; margin-top: 0pt; margin-bottom: 0pt; text-align: right;\"><span id=\"docs-internal-guid-a58df231-69df-e445-365b-79543040be9a\"></span></p></span>', 1, 1, '2017-12-18 19:58:39', '2018-04-02 05:18:17', 3, 'Untitled-1.png', '<span id=\"docs-internal-guid-a58df231-69e7-6d34-e037-37b460696d84\"><p dir=\"rtl\" style=\"line-height: 1.2; margin-top: 0pt; margin-bottom: 0pt; text-align: right;\"></p><ul><li>إدفع مقدم 25% والباقي على 4 سنوات بدون فوائد&nbsp;</li></ul><div><br></div><ul><li>إدفع 122,500 ج والباقي على 30 شهر وإستلم شقتك بعد سنة.</li></ul><p></p><div><span style=\"font-size: 10pt; font-family: Tahoma; color: rgb(34, 34, 34); background-color: transparent; font-variant-numeric: normal; font-variant-east-asian: normal; vertical-align: baseline; white-space: pre-wrap;\"><br></span></div></span>', 31.354345, 27.237316, 1, 'مرسى-مطروح-سيلينا-كمباوند-1'),
(14, 'مرسى مطروح', 13, 'مرسى مطروح كمباوند سيلينا 2', '70م', 'مدارس|مستشفيات|استلام خلال سنة|تشطيب سوبر لوكس|', 'meta description test for&nbsp; my lovely omar&nbsp;', NULL, '<p style=\"margin-top: 6px; margin-bottom: 6px; font-family: Helvetica, Arial, sans-serif; color: rgb(29, 33, 41); text-align: right;\">إمتلك الآن شاليه بمطروح 70م بسعر 200 ألف بدل من 310 ألف<br>استغل الفرصة صيف واستثمر كمان بعائد 100 %</p><div class=\"text_exposed_show\" style=\"display: inline; font-family: Helvetica, Arial, sans-serif; color: rgb(29, 33, 41); text-align: right;\"><p style=\"margin-bottom: 6px; font-family: inherit;\">ادفع 50 ألف مقدم&nbsp;<br>50 ألف بعد سنة&nbsp;<br>50 ألف عند الإستلام&nbsp;<br>50 ألف بعد الإستلام بسنة</p><p style=\"margin-top: 6px; margin-bottom: 6px; font-family: inherit;\">بدون أقساط شهرية - بدون فوائد</p></div>', 0, 1, '2018-01-08 15:30:10', '2018-04-02 05:18:17', 5, 'Untitled-1.png', '50 الف تعاقد<div>50 الف بعد سنة&nbsp;</div><div>50 الف بعد سنتين</div><div>50 الف بعد 3 سنوات</div>', 31.354345, 27.237316, NULL, 'مرسى-مطروح-سيلينا-كمباوند-2'),
(15, 'السادس من أكتوبر', 3, 'صن كابيتال - Sun Capital', '557.56 فدان', 'أقل مقدم 10%|تقسيط حتى 10 سنوات بدون فوائد|مولات تجارية|فنادق فاخرة|بحيرات صناعية', '<p style=\"font-family: Helvetica, Arial, sans-serif; margin-bottom: 6px; color: rgb(29, 33, 41); text-align: right;\"><br></p>', NULL, 'مدينة Sun Capital مدينة راقية متكاملة بالسادس من أكتوبر&nbsp;<div>المدينة بالقرب من المتحف المصري الكبير وجامعة زويل ومول مصر وعلى بعد دقائق من العاصمة الإدارية الجديدة أمام مدخل الأهرامات الجديد وعلى بعد دقائق من مطار سفنكس الدولي</div><div>هيئة المجتمعات العمرانية الجديدة شريك رئيسي في المدينة</div><div>المدينة بها فنادق فاخرة مثل فندق فيرمونت وفندق انتركونتننتال</div><div>مساحات الفيلات بالمدينة 390م و 550م</div><div>مساحات التوين هاوس بالمدينة 280 م</div><div>مساحات الشقق من 90 م إلى 250 م</div>', 0, 5, '2018-02-05 21:09:21', '2018-04-02 05:18:17', 3, '1.jpg', '- ادفع مقدم 10% وقسط الباقي على أقساط متساوية لمدة 7 سنوات<div>- ادفع مقدم 15% وسدد 50% على أقساط متساوية لمدة 4 سنوات و35% على آخر 4 سنوات&nbsp;</div><div>- ادفع مقدم 20% وسدد 50% على أقساط متساوية لمدة 4 سنوات و30% على آخر 5 سنوات</div><div>- ادفع مقدم 25% وسدد 50% على أقساط متساوية لمدة 4 سنوات و25% على آخر 6 سنوات</div><div>- يتم سداد 10% صيانة حيث يتم سداد 6% منها على أقساط متساوية حتى الإستلام، وسداد 2% بعد عامين من الإستلام، وسداد 2% بعد 5 سنوات من الإستلام</div>', 29.928543, 30.918783, NULL, 'صن-كابيتال-سيتي'),
(16, 'السادس من أكتوبر', 3, 'اكتوبر بلازا - October Plaza', '127 كيلو متر مربع', 'أقل مقدم 10%|تقسيط حتى 7 سنوات بدون فوائد|منطقة ترفيهية للأطفال|حمامات سباحة|مساحة 1.7 كيلو متر مخصصة للجري وركوب الدراجات|مولات تجارية', '<div><br></div>', NULL, 'كمباوند اكتوبر بلازا كمباوند راقي متكامل بمدينة السادس من اكتوبر<div>الكمباوند أحد مشروعات شركة سوديك</div><div>مساحات تبدأ من 170 متر إلى 264 متر</div><div>- بجوار نادي الصيد بمدينة 6 اكتوبر</div><div>- يبعد 7 دقائق عن مول العرب</div><div>- يبعد 10 دقائق عن مول صن سيتي</div><div>- يبعد 15 دقيقة عن بورتو اكتوبر</div><div>أسعار تبدأ من 2,922,000 جنيه</div>', 0, 3, '2018-03-07 17:22:48', '2018-04-02 05:18:17', 3, '1399.jpg', 'يتم سداد 10% مقدم وسداد الباقي على 7 سنوات بدون فوائد', NULL, NULL, NULL, 'اكتوبر-بلازا'),
(17, NULL, 1, 'مشروع1', '1500', 'مشروع1', 'مشروع1<br>', 'مشروع1', 'مشروع1<br>', 0, 1, '2018-04-02 05:38:34', '2018-04-02 05:54:28', 2, 'about_us.jpg', 'مشروع1<br>', 30.043861, 31.178793, NULL, 'مشروع1');

--
-- Triggers `projects`
--
DELIMITER $$
CREATE TRIGGER `projects_delete_after` AFTER DELETE ON `projects` FOR EACH ROW BEGIN
UPDATE locations SET project_count=project_count-1 WHERE id=OLD.project_location_id;
END
$$
DELIMITER ;
DELIMITER $$
CREATE TRIGGER `projects_insert_after` AFTER INSERT ON `projects` FOR EACH ROW BEGIN
UPDATE locations SET project_count=project_count+1 WHERE id=NEW.project_location_id;
END
$$
DELIMITER ;
DELIMITER $$
CREATE TRIGGER `projects_update_after` AFTER UPDATE ON `projects` FOR EACH ROW BEGIN
DECLARE rowcount INT;
set rowcount =(SELECT count('x') FROM projects WHERE project_location_id=NEW.project_location_id);
UPDATE locations SET project_count=rowcount  WHERE id=NEW.project_location_id;
END
$$
DELIMITER ;

-- --------------------------------------------------------

--
-- Table structure for table `project_levels`
--

CREATE TABLE `project_levels` (
  `id` int(10) UNSIGNED NOT NULL,
  `level_name` varchar(255) COLLATE utf8mb4_unicode_ci NOT NULL,
  `level_small_description` varchar(255) COLLATE utf8mb4_unicode_ci DEFAULT NULL,
  `level_large_description` longtext COLLATE utf8mb4_unicode_ci NOT NULL,
  `created_at` timestamp NULL DEFAULT NULL,
  `updated_at` timestamp NULL DEFAULT NULL,
  `userid` int(11) NOT NULL,
  `project_id` int(11) NOT NULL,
  `images` varchar(255) COLLATE utf8mb4_unicode_ci NOT NULL
) ENGINE=InnoDB DEFAULT CHARSET=utf8mb4 COLLATE=utf8mb4_unicode_ci;

--
-- Dumping data for table `project_levels`
--

INSERT INTO `project_levels` (`id`, `level_name`, `level_small_description`, `level_large_description`, `created_at`, `updated_at`, `userid`, `project_id`, `images`) VALUES
(4, 'مممممم', 'منمنمنمنمنمنم', 'منمنتمتنمتنمتنمتنمتنم', '2017-10-12 06:15:54', '2017-10-12 06:15:54', 0, 4, 'chalet3.jpg'),
(5, 'ووو', 'وووووووووو', 'وووووووووووو', '2017-10-12 06:18:17', '2017-10-12 06:18:17', 0, 4, 'darth_vader_armor_star_wars_film_hat_snow_93645_1920x1080.jpg|images.jpg|Nature-View.jpg'),
(6, 'gdfg', 'dfgdfgdfgdfgdfgdfgdfg', 'dfgdfgdfgdfgdfg', '2017-10-12 06:28:51', '2017-10-12 06:28:51', 0, 4, 'download.jpg'),
(7, 'dsadsad', 'sadsadasd', 'asdasdasdasdasd', '2017-10-12 06:30:52', '2017-10-12 06:30:52', 0, 4, 'Nature-View.jpg'),
(8, 'وووhghgfhfgh', 'fhgfhfghfghfghfgh', 'hfghfghfghfghfgh', '2017-10-12 06:37:38', '2017-10-12 06:37:38', 0, 4, '21106312_1458323290929496_4761873091091778561_n.jpg'),
(9, 'تيست بقا', 'اليبليبليبل', 'يليبليبليبليبل', '2017-10-12 08:15:47', '2017-10-12 08:15:47', 0, 4, 'darth_vader_armor_star_wars_film_hat_snow_93645_1920x1080.jpg|Nature-View.jpg|21106312_1458323290929496_4761873091091778561_n.jpg'),
(10, 'تيست تاني', 'ليبليبليبل', 'بيليبليبليبل', '2017-10-12 08:21:01', '2017-10-12 08:21:01', 0, 4, 'images.jpg|21106312_1458323290929496_4761873091091778561_n.jpg|download.jpg'),
(32, 'sdfdsfsdf', 'sdfsdfsdf', 'fdsfsdfsdf', '2017-10-12 11:29:20', '2017-10-12 11:29:20', 0, 2, 'darth_vader_armor_star_wars_film_hat_snow_93645_1920x1080.jpg|images.jpg'),
(33, 'dfgdg', 'dfgfdg', 'fdgdfgdfgdfgdfg', '2017-10-12 11:30:14', '2017-10-12 11:30:14', 0, 2, '75a4c2d1dc2dbce3342109e8270ff4f3.jpg|Desktop-Wallpaper-3.jpg|21106312_1458323290929496_4761873091091778561_n.jpg'),
(34, 'sdfsdf', 'sdfsdfsdf', 'fsdfsdfsdf', '2017-10-12 11:35:10', '2017-10-12 11:35:10', 0, 2, '21766397_1674712985874456_2517447507333951175_n.jpg|chalet3.jpg|21106312_1458323290929496_4761873091091778561_n.jpg'),
(35, 'sdfdsf', 'sdfsdf', 'sdfdsf', '2017-10-12 11:38:20', '2017-10-12 11:38:20', 0, 2, 'download.jpg|bg-slide-01.jpg|Nature-View.jpg'),
(36, 'asd', 'asdasdasd', 'sadasdsadsad', '2017-10-12 11:39:07', '2017-10-12 11:39:07', 0, 2, '75a4c2d1dc2dbce3342109e8270ff4f3.jpg|Desktop-Wallpaper-3.jpg|21106312_1458323290929496_4761873091091778561_n.jpg'),
(37, 'gdfg', 'dfgfdg', 'dgfdg', '2017-10-12 11:40:00', '2017-10-12 11:40:00', 0, 2, '21766397_1674712985874456_2517447507333951175_n.jpg|darth_vader_armor_star_wars_film_hat_snow_93645_1920x1080.jpg|Desktop-Wallpaper-3.jpg'),
(38, 'sdfds', 'dsfsdf', 'sdfsdf', '2017-10-12 11:40:34', '2017-10-12 11:40:34', 0, 2, '21766397_1674712985874456_2517447507333951175_n.jpg|Desktop-Wallpaper-3.jpg|bg-slide-01.jpg'),
(39, 'tyuytu', 'tyutyu', 'tyutu', '2017-10-12 11:42:17', '2017-10-12 11:42:17', 0, 4, '1.jpg|2.jpg'),
(40, 'gffh', 'fghfgh', 'gfhgfh', '2017-10-12 11:43:22', '2017-10-12 11:43:22', 0, 3, '1.jpg|3.jpg'),
(41, 'gfhfgh', 'gfhfghgfh', 'fghgfhgfh', '2017-10-12 11:44:48', '2017-10-12 11:44:48', 0, 3, '1.jpg|2.jpg|3.jpg'),
(42, 'zxczxc', 'zxcxzcxzc', 'zxcxzc', '2017-10-12 11:45:07', '2017-10-12 11:45:07', 0, 3, '2.jpg|3.jpg'),
(43, 'fdgfdg', 'gdfgfdg', 'dfgdfg', '2017-10-12 11:46:41', '2017-10-12 11:46:41', 0, 3, '1.jpg|2.jpg'),
(44, 'sdsfds', 'dsfdsfdsf', 'sdfdsf', '2017-10-12 11:47:23', '2017-10-12 11:47:23', 0, 3, '1.jpg|2.jpg'),
(45, 'First Stage', 'Under Construction&nbsp;', 'Under Construction&nbsp; &nbsp;Under Construction&nbsp; &nbsp;Under Construction&nbsp;&nbsp;<br>', '2017-12-04 17:52:36', '2017-12-04 17:52:36', 0, 42, '');

-- --------------------------------------------------------

--
-- Table structure for table `site_settings`
--

CREATE TABLE `site_settings` (
  `id` int(10) UNSIGNED NOT NULL,
  `slug` varchar(255) COLLATE utf8mb4_unicode_ci NOT NULL,
  `name_setting` varchar(255) COLLATE utf8mb4_unicode_ci NOT NULL,
  `value` text COLLATE utf8mb4_unicode_ci NOT NULL,
  `type` tinyint(4) NOT NULL,
  `created_at` timestamp NULL DEFAULT NULL,
  `updated_at` timestamp NULL DEFAULT NULL
) ENGINE=InnoDB DEFAULT CHARSET=utf8mb4 COLLATE=utf8mb4_unicode_ci;

--
-- Dumping data for table `site_settings`
--

INSERT INTO `site_settings` (`id`, `slug`, `name_setting`, `value`, `type`, `created_at`, `updated_at`) VALUES
(1, 'اسم الموقع', 'site_name', 'شركه المؤشر للتطوير العقاري', 0, '2017-04-14 22:15:24', '2017-12-12 15:16:37'),
(2, 'الجوال', 'mobile', '16029', 0, '2017-04-14 22:16:05', '2017-12-27 21:52:37'),
(3, 'فيسبوك', 'facebook', 'https://www.facebook.com/AlmoasherRE/', 0, '2017-04-14 22:16:38', '2017-12-28 21:27:49'),
(4, 'تويتر', 'twitter', '', 0, '2017-04-14 22:17:01', '2018-01-10 05:57:18'),
(5, 'بنترست', 'pinterest', '', 0, '2017-04-14 22:17:38', '2018-01-10 05:57:18'),
(6, 'جوجل بلاس', 'google-plus', '', 0, '2017-04-14 22:17:38', '2018-01-10 05:57:18'),
(7, 'لينكد إن', 'linkedin', '', 0, '2017-04-14 22:17:38', '2018-01-10 05:57:18'),
(8, 'إنستغرام', 'instagram', '', 0, '2017-04-14 22:17:38', '2018-01-10 05:57:18'),
(9, 'يوتيوب', 'youtube-play', '', 0, '2017-04-14 22:17:38', '2018-01-10 05:57:18'),
(10, 'ايميل الشركه', 'email', 'info@almoasher-realestate.com', 0, '2017-04-14 22:18:03', '2018-01-10 05:55:32'),
(11, 'العنوان', 'Boss_Message', '13/12 أ  ش أحمد كامل , المعونة الامريكية سابقا.', 0, '2017-04-14 22:18:32', '2018-04-01 09:53:52'),
(12, 'الكلمات الدلالية', 'keywords', 'التطوير العقارى, الاستثمار العقارى, عقارات للبيع, شقق للبيع, وحدات سكنية, فيلا, بنتهاوس, فيلا دوبلكس, شقة دوبلكس.', 1, '2017-04-14 22:19:05', '2017-12-28 14:18:46'),
(13, 'وصف الموقع', 'Our_Vision', 'شركه المؤشر للتطوير العقاري', 1, '2017-04-14 22:19:32', '2018-04-01 09:53:52'),
(14, 'صورة بديلة', 'no_image', 'http://placehold.it/650x450&text=عقار', 0, '2017-04-21 21:29:55', '2017-04-21 19:36:44'),
(15, 'رساله رئيس مجلس الاداره', 'Boss_Message', '<div>هدفنا الاول فى شركة المؤشر للتطوير العقارى كان دائما وسيظل اضافة قيمة لكل شراكئنا فى العمل , خطوة بعد خطوة , عاما بعد عام أتبعنا نهجا منضبطا فى النمو , حيث قمنا بتركيز كافة جهودنا ورؤووس اموالنا فى مجال وسوق الاستثمار والتطوير العقارى لتقديم خدمات متكاملة لكل من الملاك والمستثمرين فى هذا القطاع الكبير .</div><div><br></div><div><br></div><div>وتعد شركة المؤشر للأستثمار والتطوير العقارى من أكبر الشركات فى مجال التطوير العقارى بالسوق المصرى واللتى تهدف لأستغلال كافة فرص المتاحة الحالية والمستقبلية فى سوق العقارات المصرى .</div><div><br></div><div>شركة المؤشر للأستثمار والتطوير العقارى شركة هادفة للربح تقوم بتوفير كافة الخدمات المتخصصة بسوق العقارات لما تملكة من خبرة داخل السوق المصرى والعديد من المشروعات تحت اطار التنفيذ .</div><div><br></div>', 1, NULL, '2018-04-01 05:16:24'),
(16, 'مبادىء الشركه الرئيسيه', 'purposes', '<div><u><b>النزاهة والامانة</b></u></div><div>نتمسك بالقيم الأخلاقية من أجل الالتزام بالأمانة والنزاهة، سواء على المستوى الشخصي أو العملي، وتطبيق ذلك في اتخاذ القرارات والخطوات الفعالة أثناء العمل.</div><div><br></div><div><u><b>&nbsp;الجودة</b></u></div><div>لأننا نؤمن أن الجودة تبدأ و تنتهي عند العميل؛ فإننا نسعى جاهدين لتلبية احتياجات عملائنا، بما يفوق توقعاتهم.</div><div><br></div><div><u><b>الشفافية</b></u></div><div>يؤثر مبدأ الشفافية إيجابيا على العمل الجماعي، الأمر الذي يمكن الموظفين من تحقيق الأهداف الاستراتيجية للشركة، كما أن الثقة والوضوح يخلقان بيئة عمل مريحة.</div><div><br></div><div><u><b>الاحترام</b></u></div><div>نحرص على الاحترام المتبادل مع العملاء و العاملين والشركاء، كما أننا ندرك أهمية التنوع&nbsp; والتي هي إحدى القيم التي نرتكز عليها.</div><div><br></div><div><br></div><div><i><b><br></b></i></div>', 1, NULL, '2017-12-28 14:18:46'),
(17, 'مهمتنا ورؤيتنا', 'Our_Vision', '<p class=\"MsoNormal\" align=\"center\" dir=\"RTL\" style=\"text-align: right; direction: rtl; unicode-bidi: embed;\"><span lang=\"AR-SA\" style=\"font-family:\" arial\",\"sans-serif\";=\"\" mso-ascii-font-family:calibri;mso-ascii-theme-font:minor-latin;mso-hansi-font-family:=\"\" calibri;mso-hansi-theme-font:minor-latin;mso-bidi-font-family:arial;mso-bidi-theme-font:=\"\" minor-bidi\"=\"\"><b><u>المهمة</u></b><o:p></o:p></span></p><p class=\"MsoNormal\" align=\"center\" dir=\"RTL\" style=\"text-align: right; direction: rtl; unicode-bidi: embed;\">نتمتع بخبرة عالية، في توفير مستوى اجتماعي متزن، من أجل إيجاد الخصائص المثالية&nbsp; للاستثمار العقاري؛ مما يزيد معدلات الربح.</p><p class=\"MsoNormal\" align=\"center\" dir=\"RTL\" style=\"text-align: right; direction: rtl; unicode-bidi: embed;\"><span lang=\"AR-SA\" arial\",\"sans-serif\";=\"\" mso-ascii-font-family:calibri;mso-ascii-theme-font:minor-latin;mso-hansi-font-family:=\"\" calibri;mso-hansi-theme-font:minor-latin;mso-bidi-font-family:arial;mso-bidi-theme-font:=\"\" minor-bidi\"=\"\"></span></p><p class=\"MsoNormal\" align=\"center\" dir=\"RTL\" style=\"text-align: right; direction: rtl; unicode-bidi: embed;\"><span lang=\"AR-SA\" arial\",\"sans-serif\";=\"\" mso-ascii-font-family:calibri;mso-ascii-theme-font:minor-latin;mso-hansi-font-family:=\"\" calibri;mso-hansi-theme-font:minor-latin;mso-bidi-font-family:arial;mso-bidi-theme-font:=\"\" minor-bidi\"=\"\"><o:p><br></o:p></span></p><p class=\"MsoNormal\" align=\"center\" dir=\"RTL\" style=\"text-align: right; direction: rtl; unicode-bidi: embed;\"><span lang=\"AR-SA\" arial\",\"sans-serif\";=\"\" mso-ascii-font-family:calibri;mso-ascii-theme-font:minor-latin;mso-hansi-font-family:=\"\" calibri;mso-hansi-theme-font:minor-latin;mso-bidi-font-family:arial;mso-bidi-theme-font:=\"\" minor-bidi\"=\"\"><o:p>&nbsp;</o:p></span><u><b>الرؤية</b></u><br></p><p class=\"MsoNormal\" align=\"center\" dir=\"RTL\" style=\"text-align: right; direction: rtl; unicode-bidi: embed;\">\r\n\r\n\r\n\r\n\r\n\r\n\r\n\r\n</p><p class=\"MsoNormal\" align=\"center\" dir=\"RTL\" style=\"text-align: right; direction: rtl; unicode-bidi: embed;\"><font face=\"Arial, sans-serif\">نهدف إلى أن تكون لنا الريادة الأولى في مجال العقارات المصري، من خلال توفير خدمات شاملة، تلبي احتياجات السوق العقاري .</font><br></p>', 1, NULL, '2018-04-01 05:16:24'),
(18, 'وظائف', 'jobs', '<br>', 1, NULL, '2017-12-28 14:18:46'),
(19, '', 'slider_type', 'building', 0, '2018-03-26 22:00:00', '2018-04-02 07:54:12'),
(20, '', 'slider_ids', '[\"16\"]', 0, '2018-03-26 22:00:00', '2018-04-02 07:54:12');

-- --------------------------------------------------------

--
-- Table structure for table `slider`
--

CREATE TABLE `slider` (
  `id` int(11) NOT NULL,
  `title` varchar(255) COLLATE utf8_unicode_ci NOT NULL,
  `description` varchar(1000) COLLATE utf8_unicode_ci NOT NULL,
  `url_link` varchar(255) COLLATE utf8_unicode_ci NOT NULL,
  `image` varchar(255) COLLATE utf8_unicode_ci NOT NULL,
  `status` int(11) NOT NULL,
  `updated_at` timestamp NOT NULL DEFAULT CURRENT_TIMESTAMP ON UPDATE CURRENT_TIMESTAMP,
  `created_at` timestamp NOT NULL DEFAULT '0000-00-00 00:00:00'
) ENGINE=InnoDB DEFAULT CHARSET=utf8 COLLATE=utf8_unicode_ci;

--
-- Dumping data for table `slider`
--

INSERT INTO `slider` (`id`, `title`, `description`, `url_link`, `image`, `status`, `updated_at`, `created_at`) VALUES
(2, 'Keev - حدائق أكتوبر', 'إمتلك شقتك دلوقتى في أرقى أحياء أكتوبر', 'http://realestate.al-moasher.net/%D8%A7%D9%84%D9%85%D8%B4%D8%B1%D9%88%D8%B9%D8%A7%D8%AA/%D8%AD%D8%AF%D8%A7%D8%A6%D9%82-%D8%A7%D9%83%D8%AA%D9%88%D8%A8%D8%B1-%D9%83%D9%8A%D9%8A%D9%81-%D9%83%D9%85%D8%A8%D8%A7%D9%88%D9%86%D8%AF', '1920 (3).jpg', 1, '2018-01-30 19:05:25', '0000-00-00 00:00:00'),
(3, 'MidTown - العاصمة الإدارية الجديدة', 'إمتلك شقتك الآن في العاصمة الإدارية الجديدة', 'http://realestate.al-moasher.net/%D8%A7%D9%84%D9%85%D8%B4%D8%B1%D9%88%D8%B9%D8%A7%D8%AA/%D8%A7%D9%84%D8%B9%D8%A7%D8%B5%D9%85%D8%A9-%D8%A7%D9%84%D8%A7%D8%AF%D8%A7%D8%B1%D9%8A%D8%A9-%D8%A7%D9%84%D8%AC%D8%AF%D9%8A%D8%AF%D8%A9-%D9%85%D9%8A%D8%AF%D8%AA%D8%A7%D', '09.jpg', 1, '2018-01-30 19:04:18', '0000-00-00 00:00:00'),
(4, 'قرية سيلينا - مرسى مطروح', 'إمتلك الآن شاليه بمطروح 70م بسعر 200 ألف بدل من 310 ألف', 'http://realestate.al-moasher.net/%D8%A7%D9%84%D9%85%D8%B4%D8%B1%D9%88%D8%B9%D8%A7%D8%AA/%D9%85%D8%B1%D8%B3%D9%89-%D9%85%D8%B7%D8%B1%D9%88%D8%AD-%D8%B3%D9%8A%D9%84%D9%8A%D9%86%D8%A7-%D9%83%D9%85%D8%A8%D8%A7%D9%88%D9%86%D8%AF-1', '1920-3.jpg', 1, '2018-01-30 14:40:47', '0000-00-00 00:00:00'),
(5, 'il bosco - العاصمة الإدارية الجديدة', 'إمتلك شقتك الآن فى العاصمة الإدارية الجديدة', 'http://realestate.al-moasher.net/%D8%A7%D9%84%D9%85%D8%B4%D8%B1%D9%88%D8%B9%D8%A7%D8%AA/%D8%A7%D9%84%D8%B9%D8%A7%D8%B5%D9%85%D8%A9-%D8%A7%D9%84%D8%A7%D8%AF%D8%A7%D8%B1%D9%8A%D8%A9-%D8%A7%D9%84%D8%AC%D8%AF%D9%8A%D8%AF%D8%A9-%D8%A7%D9%84%D8%A8%D9%88%D8%B3%D', '010.jpg', 1, '2018-01-31 13:18:28', '2018-01-30 15:12:20'),
(6, 'Keev - حدائق أكتوبر', 'أمتلكك شقتك دلوقتى فى أرقى أحياء أكتوبر', 'http://realestate.al-moasher.net/%D8%A7%D9%84%D9%85%D8%B4%D8%B1%D9%88%D8%B9%D8%A7%D8%AA/%D8%AD%D8%AF%D8%A7%D8%A6%D9%82-%D8%A7%D9%83%D8%AA%D9%88%D8%A8%D8%B1-%D9%83%D9%8A%D9%8A%D9%81-%D9%83%D9%85%D8%A8%D8%A7%D9%88%D9%86%D8%AF', '1920-2.jpg', 0, '2018-01-30 15:14:38', '2018-01-30 15:12:41'),
(7, 'Keev - حدائق أكتوبر', 'أمتلك شقتك دلوقتى فى أرقى أحياء أكتوبر', 'http://realestate.al-moasher.net/%D8%A7%D9%84%D9%85%D8%B4%D8%B1%D9%88%D8%B9%D8%A7%D8%AA/%D8%AD%D8%AF%D8%A7%D8%A6%D9%82-%D8%A7%D9%83%D8%AA%D9%88%D8%A8%D8%B1-%D9%83%D9%8A%D9%8A%D9%81-%D9%83%D9%85%D8%A8%D8%A7%D9%88%D9%86%D8%AF', 'Untitled-1.png', 0, '2018-01-30 15:22:56', '2018-01-30 15:12:46');

-- --------------------------------------------------------

--
-- Table structure for table `testimonial`
--

CREATE TABLE `testimonial` (
  `id` int(10) UNSIGNED NOT NULL,
  `name` varchar(255) COLLATE utf8mb4_unicode_ci NOT NULL,
  `company` varchar(255) COLLATE utf8mb4_unicode_ci NOT NULL,
  `description` text COLLATE utf8mb4_unicode_ci NOT NULL,
  `img_dir` varchar(255) COLLATE utf8mb4_unicode_ci DEFAULT NULL,
  `img` varchar(255) COLLATE utf8mb4_unicode_ci DEFAULT NULL,
  `statues` int(11) NOT NULL DEFAULT '0',
  `created_at` timestamp NULL DEFAULT NULL,
  `updated_at` timestamp NULL DEFAULT NULL
) ENGINE=InnoDB DEFAULT CHARSET=utf8mb4 COLLATE=utf8mb4_unicode_ci;

--
-- Dumping data for table `testimonial`
--

INSERT INTO `testimonial` (`id`, `name`, `company`, `description`, `img_dir`, `img`, `statues`, `created_at`, `updated_at`) VALUES
(1, 'Karty & Will', 'Sunderland, Haintheme', '<div><span style=\"color: rgb(34, 34, 34); font-family: Consolas, \" lucida=\"\" console\",=\"\" \"courier=\"\" new\",=\"\" monospace;=\"\" font-size:=\"\" 12px;=\"\" white-space:=\"\" pre-wrap;\"=\"\">                                    I would like to thank Felix for her outstanding and professional service she has\r\n                                    provided as a ReaLand sales agent. I found Felix to be very approachable, professional\r\n                                    and nothing was any trouble. I would recommend Felix to any future seller without a\r\n                                    doubt, I could not fault her service.</span><br></div>', '/img/testimonial/2018/04/01/', 'testimonial_9218_1522588425.png', 0, '2018-04-01 11:13:07', '2018-04-01 11:13:45'),
(2, 'Karty & Will', 'Sunderland, Haintheme', '<span style=\"color: rgb(34, 34, 34);\">I would like to thank Felix for her outstanding and professional service she has provided as a ReaLand sales agent. I found Felix to be very approachable, professional and nothing was any trouble. I would recommend Felix to any future seller without a doubt, I could not fault her service.</span><br>', '/img/testimonial/2018/04/01/', 'testimonial_4210_1522588456.png', 0, '2018-04-01 11:14:16', '2018-04-01 11:14:16');

-- --------------------------------------------------------

--
-- Table structure for table `users`
--

CREATE TABLE `users` (
  `id` int(10) UNSIGNED NOT NULL,
  `name` varchar(255) COLLATE utf8mb4_unicode_ci NOT NULL,
  `email` varchar(255) COLLATE utf8mb4_unicode_ci NOT NULL,
  `password` varchar(255) COLLATE utf8mb4_unicode_ci NOT NULL,
  `admin` tinyint(1) DEFAULT NULL,
  `remember_token` varchar(100) COLLATE utf8mb4_unicode_ci DEFAULT NULL,
  `created_at` timestamp NULL DEFAULT NULL,
  `updated_at` timestamp NULL DEFAULT NULL
) ENGINE=InnoDB DEFAULT CHARSET=utf8mb4 COLLATE=utf8mb4_unicode_ci;

--
-- Dumping data for table `users`
--

INSERT INTO `users` (`id`, `name`, `email`, `password`, `admin`, `remember_token`, `created_at`, `updated_at`) VALUES
(2, 'Admin', 'admin@rs.com', '123456', 1, 'yxdMnsWg3gDlX2ag92m87fUVUYquz8IXqK2f3731TfR6qYSKIhWhIhJGBzsx', '2017-05-01 22:33:25', '2017-05-02 10:51:21'),
(3, 'islam', 'eslam.fcih2011@gmail.com', '$2y$10$qHYDnraLcdHDRPJtJGuvLuFhyCSEeD.DeHagcpQohrkT4SoLhQbey', 1, '9lJgRYEo3GdrGIEVSCKN0AtxM2JLaRzDwx1JZ6e4x6xcUbhkPTFOi4PtDRhU', '2017-10-15 07:03:17', '2017-10-15 07:03:17'),
(4, 'admin', 'admin@gmail.com', '$2y$10$hQjjoeY8CxPZ0Djhfv25euv2f.KyPqbrlHpXwOUhgfgd.4.MeMQKa', 1, 'ekXlppVH2c7TNKUw4drygc6w1N1q0GOsVKsufQ8k1gyidyOMqJzRcuBRCOJ4', '2017-11-14 05:16:07', '2017-11-14 05:16:07');

--
-- Indexes for dumped tables
--

--
-- Indexes for table `buildings`
--
ALTER TABLE `buildings`
  ADD PRIMARY KEY (`id`);

--
-- Indexes for table `clients`
--
ALTER TABLE `clients`
  ADD PRIMARY KEY (`id`);

--
-- Indexes for table `contact`
--
ALTER TABLE `contact`
  ADD PRIMARY KEY (`id`);

--
-- Indexes for table `home_fetcher_1`
--
ALTER TABLE `home_fetcher_1`
  ADD PRIMARY KEY (`id`);

--
-- Indexes for table `home_fetcher_2`
--
ALTER TABLE `home_fetcher_2`
  ADD PRIMARY KEY (`id`);

--
-- Indexes for table `locations`
--
ALTER TABLE `locations`
  ADD PRIMARY KEY (`id`);

--
-- Indexes for table `migrations`
--
ALTER TABLE `migrations`
  ADD PRIMARY KEY (`id`);

--
-- Indexes for table `news`
--
ALTER TABLE `news`
  ADD PRIMARY KEY (`id`);

--
-- Indexes for table `offers`
--
ALTER TABLE `offers`
  ADD PRIMARY KEY (`id`);

--
-- Indexes for table `password_resets`
--
ALTER TABLE `password_resets`
  ADD KEY `password_resets_email_index` (`email`(191));

--
-- Indexes for table `projects`
--
ALTER TABLE `projects`
  ADD PRIMARY KEY (`id`);

--
-- Indexes for table `project_levels`
--
ALTER TABLE `project_levels`
  ADD PRIMARY KEY (`id`);

--
-- Indexes for table `site_settings`
--
ALTER TABLE `site_settings`
  ADD PRIMARY KEY (`id`);

--
-- Indexes for table `slider`
--
ALTER TABLE `slider`
  ADD PRIMARY KEY (`id`);

--
-- Indexes for table `testimonial`
--
ALTER TABLE `testimonial`
  ADD PRIMARY KEY (`id`);

--
-- Indexes for table `users`
--
ALTER TABLE `users`
  ADD PRIMARY KEY (`id`);

--
-- AUTO_INCREMENT for dumped tables
--

--
-- AUTO_INCREMENT for table `buildings`
--
ALTER TABLE `buildings`
  MODIFY `id` int(10) UNSIGNED NOT NULL AUTO_INCREMENT, AUTO_INCREMENT=84;

--
-- AUTO_INCREMENT for table `clients`
--
ALTER TABLE `clients`
  MODIFY `id` int(11) NOT NULL AUTO_INCREMENT, AUTO_INCREMENT=12;

--
-- AUTO_INCREMENT for table `contact`
--
ALTER TABLE `contact`
  MODIFY `id` int(11) NOT NULL AUTO_INCREMENT, AUTO_INCREMENT=2;

--
-- AUTO_INCREMENT for table `home_fetcher_1`
--
ALTER TABLE `home_fetcher_1`
  MODIFY `id` int(10) UNSIGNED NOT NULL AUTO_INCREMENT, AUTO_INCREMENT=5;

--
-- AUTO_INCREMENT for table `home_fetcher_2`
--
ALTER TABLE `home_fetcher_2`
  MODIFY `id` int(10) UNSIGNED NOT NULL AUTO_INCREMENT, AUTO_INCREMENT=2;

--
-- AUTO_INCREMENT for table `locations`
--
ALTER TABLE `locations`
  MODIFY `id` int(10) UNSIGNED NOT NULL AUTO_INCREMENT, AUTO_INCREMENT=21;

--
-- AUTO_INCREMENT for table `migrations`
--
ALTER TABLE `migrations`
  MODIFY `id` int(10) UNSIGNED NOT NULL AUTO_INCREMENT, AUTO_INCREMENT=15;

--
-- AUTO_INCREMENT for table `news`
--
ALTER TABLE `news`
  MODIFY `id` int(10) UNSIGNED NOT NULL AUTO_INCREMENT, AUTO_INCREMENT=2;

--
-- AUTO_INCREMENT for table `offers`
--
ALTER TABLE `offers`
  MODIFY `id` int(10) UNSIGNED NOT NULL AUTO_INCREMENT, AUTO_INCREMENT=7;

--
-- AUTO_INCREMENT for table `projects`
--
ALTER TABLE `projects`
  MODIFY `id` int(10) UNSIGNED NOT NULL AUTO_INCREMENT, AUTO_INCREMENT=18;

--
-- AUTO_INCREMENT for table `project_levels`
--
ALTER TABLE `project_levels`
  MODIFY `id` int(10) UNSIGNED NOT NULL AUTO_INCREMENT, AUTO_INCREMENT=46;

--
-- AUTO_INCREMENT for table `slider`
--
ALTER TABLE `slider`
  MODIFY `id` int(11) NOT NULL AUTO_INCREMENT, AUTO_INCREMENT=8;

--
-- AUTO_INCREMENT for table `testimonial`
--
ALTER TABLE `testimonial`
  MODIFY `id` int(10) UNSIGNED NOT NULL AUTO_INCREMENT, AUTO_INCREMENT=3;

--
-- AUTO_INCREMENT for table `users`
--
ALTER TABLE `users`
  MODIFY `id` int(10) UNSIGNED NOT NULL AUTO_INCREMENT, AUTO_INCREMENT=5;
COMMIT;

/*!40101 SET CHARACTER_SET_CLIENT=@OLD_CHARACTER_SET_CLIENT */;
/*!40101 SET CHARACTER_SET_RESULTS=@OLD_CHARACTER_SET_RESULTS */;
/*!40101 SET COLLATION_CONNECTION=@OLD_COLLATION_CONNECTION */;
